
INSERT INTO members (name, email, role, profile_img_url, social_type, social_id, created_at, modified_at)
SELECT 'User', 'user@example.com', 'USER', 'https://github.com/mobi-projects/nail-case-server/assets/96242198/5c306514-6a10-4887-98cf-6e897a2f063c', 'KAKAO', '3588226794', CURRENT_TIMESTAMP, CURRENT_TIMESTAMP WHERE NOT EXISTS (SELECT 1 FROM members WHERE email = 'user@example.com');


INSERT INTO members (name, email, role, profile_img_url, social_type, social_id, created_at, modified_at)
SELECT 'Owner', 'owner@example.com', 'OWNER', 'https://github.com/mobi-projects/nail-case-server/assets/96242198/5c306514-6a10-4887-98cf-6e897a2f063c', 'KAKAO', '3588226794', CURRENT_TIMESTAMP, CURRENT_TIMESTAMP WHERE NOT EXISTS (SELECT 1 FROM members WHERE email = 'admin@example.com');

INSERT INTO shops (shop_name, phone, available_seat,address,overview, created_at, modified_at, owner_id)
SELECT '모비네일 강남점', '01012341234', 8,'서울 강남구 봉은사로6길 29 1층 102호','매달 네일 오마카세를 제공하는 디자인 맛집 모비네일 \n
현재 당일 예약 가능합니다', CURRENT_TIMESTAMP, CURRENT_TIMESTAMP, m.member_id
FROM members m WHERE m.email = 'owner@example.com' AND NOT EXISTS (SELECT 1 FROM shops s WHERE s.shop_name = '모비네일 강남점');

INSERT INTO shop_info (shop_id, created_at, modified_at)
VALUES (1, CURRENT_TIMESTAMP, CURRENT_TIMESTAMP);

-- 월요일부터 일요일까지의 WorkHour 데이터 삽입
INSERT INTO work_hours (shop_id, day_of_week, is_open, open_time, close_time, created_at, modified_at)
VALUES
(1, 1, true, '09:00:00', '22:00:00', CURRENT_TIMESTAMP, CURRENT_TIMESTAMP),
(1, 2, true, '09:00:00', '22:00:00', CURRENT_TIMESTAMP, CURRENT_TIMESTAMP),
(1, 3, true, '09:00:00', '22:00:00', CURRENT_TIMESTAMP, CURRENT_TIMESTAMP),
(1, 4, true, '09:00:00', '22:00:00', CURRENT_TIMESTAMP, CURRENT_TIMESTAMP),
(1, 5, true, '09:00:00', '22:00:00', CURRENT_TIMESTAMP, CURRENT_TIMESTAMP),
(1, 6, true, '10:00:00', '22:00:00', CURRENT_TIMESTAMP, CURRENT_TIMESTAMP),
(1, 7, false, '10:00:00', '22:00:00', CURRENT_TIMESTAMP, CURRENT_TIMESTAMP);


-- 예약(reservations) 데이터 삽입
-- 예약(reservations) 데이터 삽입
INSERT INTO reservations (reservation_id, shop_id, member_id, created_at, modified_at)
VALUES
(1, 1, 1, '2024-06-27 11:00:00'::timestamp, '2024-06-27 11:00:00'::timestamp),
(2, 1, 1, '2024-06-27 12:00:00'::timestamp, '2024-06-27 12:00:00'::timestamp),
(3, 1, 1, '2024-06-27 15:00:00'::timestamp, '2024-06-27 15:00:00'::timestamp),
(4, 1, 1, '2024-06-27 15:00:00'::timestamp, '2024-06-27 15:00:00'::timestamp),
(5, 1, 1, '2024-06-27 16:00:00'::timestamp, '2024-06-27 16:00:00'::timestamp),
(6, 1, 1, '2024-06-27 17:00:00'::timestamp, '2024-06-27 17:00:00'::timestamp),
(7, 1, 1, '2024-06-27 18:00:00'::timestamp, '2024-06-27 18:00:00'::timestamp),
(8, 1, 1, '2024-06-27 19:00:00'::timestamp, '2024-06-27 19:00:00'::timestamp),
(9, 1, 1, '2024-06-28 20:00:00'::timestamp, '2024-06-28 20:00:00'::timestamp),
(10, 1, 1, '2024-06-28 20:00:00'::timestamp, '2024-06-28 20:00:00'::timestamp),
(11, 1, 1, '2024-06-28 22:00:00'::timestamp, '2024-06-28 22:00:00'::timestamp),
(12, 1, 1, '2024-06-29 20:00:00'::timestamp, '2024-06-29 20:00:00'::timestamp),
(13, 1, 1, '2024-06-30 10:00:00'::timestamp, '2024-06-30 10:00:00'::timestamp),
(14, 1, 1, '2024-06-30 11:00:00'::timestamp, '2024-06-30 11:00:00'::timestamp),
(15, 1, 1, '2024-06-30 12:00:00'::timestamp, '2024-06-30 12:00:00'::timestamp),
(16, 1, 1, '2024-06-30 13:00:00'::timestamp, '2024-06-30 13:00:00'::timestamp),
(17, 1, 1, '2024-06-30 14:00:00'::timestamp, '2024-06-30 14:00:00'::timestamp),
(18, 1, 1, '2024-06-30 15:00:00'::timestamp, '2024-06-30 15:00:00'::timestamp),
(19, 1, 1, '2024-06-30 16:00:00'::timestamp, '2024-06-30 16:00:00'::timestamp),
(20, 1, 1, '2024-06-30 17:00:00'::timestamp, '2024-06-30 17:00:00'::timestamp),
(21, 1, 1, '2024-06-30 18:00:00'::timestamp, '2024-06-30 18:00:00'::timestamp),
(22, 1, 1, '2024-06-30 19:00:00'::timestamp, '2024-06-30 19:00:00'::timestamp),
(23, 1, 1, '2024-07-01 10:00:00'::timestamp, '2024-07-01 10:00:00'::timestamp),
(24, 1, 1, '2024-07-01 11:00:00'::timestamp, '2024-07-01 11:00:00'::timestamp),
(25, 1, 1, '2024-07-01 12:00:00'::timestamp, '2024-07-01 12:00:00'::timestamp),
(26, 1, 1, '2024-07-01 13:00:00'::timestamp, '2024-07-01 13:00:00'::timestamp),
(27, 1, 1, '2024-07-01 14:00:00'::timestamp, '2024-07-01 14:00:00'::timestamp),
(28, 1, 1, '2024-07-01 15:00:00'::timestamp, '2024-07-01 15:00:00'::timestamp),
(29, 1, 1, '2024-07-01 16:00:00'::timestamp, '2024-07-01 16:00:00'::timestamp),
(30, 1, 1, '2024-07-01 17:00:00'::timestamp, '2024-07-01 17:00:00'::timestamp),
(31, 1, 1, '2024-07-01 18:00:00'::timestamp, '2024-07-01 18:00:00'::timestamp),
(32, 1, 1, '2024-07-01 19:00:00'::timestamp, '2024-07-01 19:00:00'::timestamp),
(33, 1, 1, '2024-07-02 10:00:00'::timestamp, '2024-07-02 10:00:00'::timestamp),
(34, 1, 1, '2024-07-02 11:00:00'::timestamp, '2024-07-02 11:00:00'::timestamp),
(35, 1, 1, '2024-07-02 12:00:00'::timestamp, '2024-07-02 12:00:00'::timestamp),
(36, 1, 1, '2024-07-02 13:00:00'::timestamp, '2024-07-02 13:00:00'::timestamp),
(37, 1, 1, '2024-07-02 14:00:00'::timestamp, '2024-07-02 14:00:00'::timestamp),
(38, 1, 1, '2024-07-02 15:00:00'::timestamp, '2024-07-02 15:00:00'::timestamp),
(39, 1, 1, '2024-07-02 16:00:00'::timestamp, '2024-07-02 16:00:00'::timestamp),
(40, 1, 1, '2024-07-02 17:00:00'::timestamp, '2024-07-02 17:00:00'::timestamp),
(41, 1, 1, '2024-07-02 18:00:00'::timestamp, '2024-07-02 18:00:00'::timestamp),
(42, 1, 1, '2024-07-02 19:00:00'::timestamp, '2024-07-02 19:00:00'::timestamp),
(43, 1, 1, '2024-07-03 10:00:00'::timestamp, '2024-07-03 10:00:00'::timestamp),
(44, 1, 1, '2024-07-03 11:00:00'::timestamp, '2024-07-03 11:00:00'::timestamp),
(45, 1, 1, '2024-07-03 12:00:00'::timestamp, '2024-07-03 12:00:00'::timestamp),
(46, 1, 1, '2024-07-03 13:00:00'::timestamp, '2024-07-03 13:00:00'::timestamp),
(47, 1, 1, '2024-07-03 14:00:00'::timestamp, '2024-07-03 14:00:00'::timestamp),
(48, 1, 1, '2024-07-03 15:00:00'::timestamp, '2024-07-03 15:00:00'::timestamp),
(49, 1, 1, '2024-07-03 16:00:00'::timestamp, '2024-07-03 16:00:00'::timestamp),
(50, 1, 1, '2024-07-03 17:00:00'::timestamp, '2024-07-03 17:00:00'::timestamp),
(51, 1, 1, '2024-07-03 18:00:00'::timestamp, '2024-07-03 18:00:00'::timestamp),
(52, 1, 1, '2024-07-03 19:00:00'::timestamp, '2024-07-03 19:00:00'::timestamp),
(53, 1, 1, '2024-07-04 10:00:00'::timestamp, '2024-07-04 10:00:00'::timestamp),
(54, 1, 1, '2024-07-04 11:00:00'::timestamp, '2024-07-04 11:00:00'::timestamp),
(55, 1, 1, '2024-07-04 12:00:00'::timestamp, '2024-07-04 12:00:00'::timestamp),
(56, 1, 1, '2024-07-04 13:00:00'::timestamp, '2024-07-04 13:00:00'::timestamp),
(57, 1, 1, '2024-07-04 14:00:00'::timestamp, '2024-07-04 14:00:00'::timestamp),
(58, 1, 1, '2024-07-04 15:00:00'::timestamp, '2024-07-04 15:00:00'::timestamp),
(59, 1, 1, '2024-07-04 16:00:00'::timestamp, '2024-07-04 16:00:00'::timestamp),
(60, 1, 1, '2024-07-04 17:00:00'::timestamp, '2024-07-04 17:00:00'::timestamp),
(61, 1, 1, '2024-07-04 18:00:00'::timestamp, '2024-07-04 18:00:00'::timestamp),
(62, 1, 1, '2024-07-04 19:00:00'::timestamp, '2024-07-04 19:00:00'::timestamp),
(63, 1, 1, '2024-07-05 10:00:00'::timestamp, '2024-07-05 10:00:00'::timestamp),
(64, 1, 1, '2024-07-05 11:00:00'::timestamp, '2024-07-05 11:00:00'::timestamp),
(65, 1, 1, '2024-07-05 12:00:00'::timestamp, '2024-07-05 12:00:00'::timestamp),
(66, 1, 1, '2024-07-05 13:00:00'::timestamp, '2024-07-05 13:00:00'::timestamp),
(67, 1, 1, '2024-07-05 14:00:00'::timestamp, '2024-07-05 14:00:00'::timestamp),
(68, 1, 1, '2024-07-05 15:00:00'::timestamp, '2024-07-05 15:00:00'::timestamp),
(69, 1, 1, '2024-07-05 16:00:00'::timestamp, '2024-07-05 16:00:00'::timestamp),
(70, 1, 1, '2024-07-05 17:00:00'::timestamp, '2024-07-05 17:00:00'::timestamp),
(71, 1, 1, '2024-07-05 18:00:00'::timestamp, '2024-07-05 18:00:00'::timestamp),
(72, 1, 1, '2024-07-05 19:00:00'::timestamp, '2024-07-05 19:00:00'::timestamp),
(73, 1, 1, '2024-07-06 10:00:00'::timestamp, '2024-07-06 10:00:00'::timestamp),
(74, 1, 1, '2024-07-06 11:00:00'::timestamp, '2024-07-06 11:00:00'::timestamp),
(75, 1, 1, '2024-07-06 12:00:00'::timestamp, '2024-07-06 12:00:00'::timestamp),
(76, 1, 1, '2024-07-06 13:00:00'::timestamp, '2024-07-06 13:00:00'::timestamp),
(77, 1, 1, '2024-07-06 14:00:00'::timestamp, '2024-07-06 14:00:00'::timestamp),
(78, 1, 1, '2024-07-06 15:00:00'::timestamp, '2024-07-06 15:00:00'::timestamp),
(79, 1, 1, '2024-07-06 16:00:00'::timestamp, '2024-07-06 16:00:00'::timestamp),
(80, 1, 1, '2024-07-06 17:00:00'::timestamp, '2024-07-06 17:00:00'::timestamp),
(81, 1, 1, '2024-07-06 18:00:00'::timestamp, '2024-07-06 18:00:00'::timestamp),
(82, 1, 1, '2024-07-06 19:00:00'::timestamp, '2024-07-06 19:00:00'::timestamp),
(83, 1, 1, '2024-07-07 10:00:00'::timestamp, '2024-07-07 10:00:00'::timestamp),
(84, 1, 1, '2024-07-07 11:00:00'::timestamp, '2024-07-07 11:00:00'::timestamp),
(85, 1, 1, '2024-07-07 12:00:00'::timestamp, '2024-07-07 12:00:00'::timestamp),
(86, 1, 1, '2024-07-07 13:00:00'::timestamp, '2024-07-07 13:00:00'::timestamp),
(87, 1, 1, '2024-07-07 14:00:00'::timestamp, '2024-07-07 14:00:00'::timestamp),
(88, 1, 1, '2024-07-07 15:00:00'::timestamp, '2024-07-07 15:00:00'::timestamp),
(89, 1, 1, '2024-07-07 16:00:00'::timestamp, '2024-07-07 16:00:00'::timestamp),
(90, 1, 1, '2024-07-07 17:00:00'::timestamp, '2024-07-07 17:00:00'::timestamp),
(91, 1, 1, '2024-07-07 18:00:00'::timestamp, '2024-07-07 18:00:00'::timestamp),
(92, 1, 1, '2024-07-07 19:00:00'::timestamp, '2024-07-07 19:00:00'::timestamp),
(93, 1, 1, '2024-07-08 10:00:00'::timestamp, '2024-07-08 10:00:00'::timestamp),
(94, 1, 1, '2024-07-08 11:00:00'::timestamp, '2024-07-08 11:00:00'::timestamp),
(95, 1, 1, '2024-07-08 12:00:00'::timestamp, '2024-07-08 12:00:00'::timestamp),
(96, 1, 1, '2024-07-08 13:00:00'::timestamp, '2024-07-08 13:00:00'::timestamp),
(97, 1, 1, '2024-07-08 14:00:00'::timestamp, '2024-07-08 14:00:00'::timestamp),
(98, 1, 1, '2024-07-08 15:00:00'::timestamp, '2024-07-08 15:00:00'::timestamp),
(99, 1, 1, '2024-07-08 16:00:00'::timestamp, '2024-07-08 16:00:00'::timestamp),
(100, 1, 1, '2024-07-08 17:00:00'::timestamp, '2024-07-08 17:00:00'::timestamp),
(101, 1, 1, '2024-07-08 18:00:00'::timestamp, '2024-07-08 18:00:00'::timestamp),
(102, 1, 1, '2024-07-08 19:00:00'::timestamp, '2024-07-08 19:00:00'::timestamp),
(103, 1, 1, '2024-07-09 10:00:00'::timestamp, '2024-07-09 10:00:00'::timestamp),
(104, 1, 1, '2024-07-09 11:00:00'::timestamp, '2024-07-09 11:00:00'::timestamp),
(105, 1, 1, '2024-07-09 12:00:00'::timestamp, '2024-07-09 12:00:00'::timestamp),
(106, 1, 1, '2024-07-09 13:00:00'::timestamp, '2024-07-09 13:00:00'::timestamp),
(107, 1, 1, '2024-07-09 14:00:00'::timestamp, '2024-07-09 14:00:00'::timestamp),
(108, 1, 1, '2024-07-09 15:00:00'::timestamp, '2024-07-09 15:00:00'::timestamp),
(109, 1, 1, '2024-07-09 16:00:00'::timestamp, '2024-07-09 16:00:00'::timestamp),
(110, 1, 1, '2024-07-09 17:00:00'::timestamp, '2024-07-09 17:00:00'::timestamp),
(111, 1, 1, '2024-07-09 18:00:00'::timestamp, '2024-07-09 18:00:00'::timestamp),
(112, 1, 1, '2024-07-09 19:00:00'::timestamp, '2024-07-09 19:00:00'::timestamp),
(113, 1, 1, '2024-07-10 10:00:00'::timestamp, '2024-07-10 10:00:00'::timestamp),
(114, 1, 1, '2024-07-10 11:00:00'::timestamp, '2024-07-10 11:00:00'::timestamp),
(115, 1, 1, '2024-07-10 12:00:00'::timestamp, '2024-07-10 12:00:00'::timestamp),
(116, 1, 1, '2024-07-10 13:00:00'::timestamp, '2024-07-10 13:00:00'::timestamp),
(117, 1, 1, '2024-07-10 14:00:00'::timestamp, '2024-07-10 14:00:00'::timestamp),
(118, 1, 1, '2024-07-10 15:00:00'::timestamp, '2024-07-10 15:00:00'::timestamp),
(119, 1, 1, '2024-07-10 16:00:00'::timestamp, '2024-07-10 16:00:00'::timestamp),
(120, 1, 1, '2024-07-10 17:00:00'::timestamp, '2024-07-10 17:00:00'::timestamp);


-- 처리 정보 삽입
INSERT INTO reservation_details (reservation_id, status, remove, start_time, end_time, created_at, modified_at, extend) VALUES
(1, 'CONFIRMED', 'IN_SHOP', '2024-06-26 11:00:00'::timestamp, '2024-06-26 13:00:00'::timestamp, '2024-06-25 11:00:00'::timestamp, '2024-06-25 11:00:00'::timestamp, false),
(2, 'CONFIRMED', 'ELSE_WHERE', '2024-06-26 14:00:00'::timestamp, '2024-06-26 16:00:00'::timestamp, '2024-06-25 12:00:00'::timestamp, '2024-06-25 12:00:00'::timestamp, false),
(3, 'PENDING', 'ELSE_WHERE', '2024-06-27 09:00:00'::timestamp, '2024-06-27 11:00:00'::timestamp, '2024-06-26 15:00:00'::timestamp, '2024-06-26 15:00:00'::timestamp, false),
(4, 'CONFIRMED', 'NO_NEED', '2024-06-27 13:00:00'::timestamp, '2024-06-27 14:00:00'::timestamp, '2024-06-26 15:00:00'::timestamp, '2024-06-26 15:00:00'::timestamp, false),
(5, 'CANCELED', 'NO_NEED', '2024-06-27 15:00:00'::timestamp, '2024-06-27 16:00:00'::timestamp, '2024-06-26 16:00:00'::timestamp, '2024-06-26 16:00:00'::timestamp, false),
(6, 'PENDING', 'IN_SHOP', '2024-06-28 10:00:00'::timestamp, '2024-06-28 11:00:00'::timestamp, '2024-06-27 17:00:00'::timestamp, '2024-06-27 17:00:00'::timestamp, false),
(7, 'PENDING', 'IN_SHOP', '2024-06-28 14:00:00'::timestamp, '2024-06-28 15:00:00'::timestamp, '2024-06-27 18:00:00'::timestamp, '2024-06-27 18:00:00'::timestamp, false),
(8, 'CONFIRMED', 'NO_NEED', '2024-06-29 09:00:00'::timestamp, '2024-06-29 11:00:00'::timestamp, '2024-06-28 19:00:00'::timestamp, '2024-06-28 19:00:00'::timestamp, false),
(9, 'CONFIRMED', 'IN_SHOP', '2024-06-29 13:00:00'::timestamp, '2024-06-29 14:00:00'::timestamp, '2024-06-28 20:00:00'::timestamp, '2024-06-28 20:00:00'::timestamp, false),
(10, 'REJECTED', 'NO_NEED', '2024-06-29 16:00:00'::timestamp, '2024-06-29 18:00:00'::timestamp, '2024-06-28 21:00:00'::timestamp, '2024-06-28 21:00:00'::timestamp, false),
(11, 'CONFIRMED', 'IN_SHOP', '2024-06-30 10:00:00'::timestamp, '2024-06-30 12:00:00'::timestamp, '2024-06-29 22:00:00'::timestamp, '2024-06-29 22:00:00'::timestamp, false),
(12, 'CONFIRMED', 'IN_SHOP', '2024-06-30 14:00:00'::timestamp, '2024-06-30 16:00:00'::timestamp, '2024-06-29 23:00:00'::timestamp, '2024-06-29 23:00:00'::timestamp, false),
(13, 'REJECTED', 'IN_SHOP', '2024-06-30 10:00:00'::timestamp, '2024-06-30 11:00:00'::timestamp, '2024-06-29 23:00:00'::timestamp, '2024-06-29 23:00:00'::timestamp, false),
(14, 'PENDING', 'NO_NEED', '2024-06-30 11:00:00'::timestamp, '2024-06-30 12:00:00'::timestamp, '2024-06-29 23:00:00'::timestamp, '2024-06-29 23:00:00'::timestamp, false),
(15, 'CANCELED', 'IN_SHOP', '2024-06-30 14:00:00'::timestamp, '2024-06-30 15:00:00'::timestamp, '2024-06-29 23:00:00'::timestamp, '2024-06-29 23:00:00'::timestamp, false),
(16, 'PENDING', 'IN_SHOP', '2024-07-01 10:00:00'::timestamp, '2024-07-01 11:00:00'::timestamp, '2024-06-29 23:00:00'::timestamp, '2024-06-29 23:00:00'::timestamp, false),
(17, 'CONFIRMED', 'NO_NEED', '2024-07-01 16:00:00'::timestamp, '2024-07-01 17:00:00'::timestamp, '2024-06-29 23:00:00'::timestamp, '2024-06-29 23:00:00'::timestamp, false),
(18, 'PENDING', 'ELSE_WHERE', '2024-07-01 16:00:00'::timestamp, '2024-07-01 17:00:00'::timestamp, '2024-06-29 23:00:00'::timestamp, '2024-06-29 23:00:00'::timestamp, false),
(19, 'CONFIRMED', 'ELSE_WHERE', '2024-07-02 10:00:00'::timestamp, '2024-07-02 11:00:00'::timestamp, '2024-06-29 23:00:00'::timestamp, '2024-06-29 23:00:00'::timestamp, false),
(20, 'PENDING', 'ELSE_WHERE', '2024-07-02 12:00:00'::timestamp, '2024-07-02 13:00:00'::timestamp, '2024-06-29 23:00:00'::timestamp, '2024-06-29 23:00:00'::timestamp, false),
(21, 'CONFIRMED', 'IN_SHOP', '2024-07-02 15:00:00'::timestamp, '2024-07-02 16:00:00'::timestamp, '2024-06-29 23:00:00'::timestamp, '2024-06-29 23:00:00'::timestamp, false),
(22, 'PENDING', 'NO_NEED', '2024-07-02 17:00:00'::timestamp, '2024-07-02 18:00:00'::timestamp, '2024-06-29 23:00:00'::timestamp, '2024-06-29 23:00:00'::timestamp, false),
(23, 'PENDING', 'IN_SHOP', '2024-07-03 10:00:00'::timestamp, '2024-07-03 11:00:00'::timestamp, '2024-06-29 23:00:00'::timestamp, '2024-06-29 23:00:00'::timestamp, false),
(24, 'CONFIRMED', 'NO_NEED', '2024-07-03 14:00:00'::timestamp, '2024-07-03 15:00:00'::timestamp, '2024-06-29 23:00:00'::timestamp, '2024-06-29 23:00:00'::timestamp, false),
(25, 'PENDING', 'ELSE_WHERE', '2024-07-04 10:00:00'::timestamp, '2024-07-04 11:00:00'::timestamp, '2024-06-29 23:00:00'::timestamp, '2024-06-29 23:00:00'::timestamp, false),
(26, 'CONFIRMED', 'ELSE_WHERE', '2024-07-04 13:00:00'::timestamp, '2024-07-04 14:00:00'::timestamp, '2024-06-29 23:00:00'::timestamp, '2024-06-29 23:00:00'::timestamp, false),
(27, 'PENDING', 'ELSE_WHERE', '2024-07-04 16:00:00'::timestamp, '2024-07-04 17:00:00'::timestamp, '2024-06-29 23:00:00'::timestamp, '2024-06-29 23:00:00'::timestamp, false),
(28, 'CONFIRMED', 'IN_SHOP', '2024-07-05 10:00:00'::timestamp, '2024-07-05 11:00:00'::timestamp, '2024-06-29 23:00:00'::timestamp, '2024-06-29 23:00:00'::timestamp, false),
(29, 'PENDING', 'NO_NEED', '2024-07-05 12:00:00'::timestamp, '2024-07-05 13:00:00'::timestamp, '2024-06-29 23:00:00'::timestamp, '2024-06-29 23:00:00'::timestamp, false),
(30, 'CONFIRMED', 'ELSE_WHERE', '2024-07-05 15:00:00'::timestamp, '2024-07-05 16:00:00'::timestamp, '2024-06-29 23:00:00'::timestamp, '2024-06-29 23:00:00'::timestamp, false),
(31, 'PENDING', 'ELSE_WHERE', '2024-07-06 11:00:00'::timestamp, '2024-07-06 12:00:00'::timestamp, '2024-06-29 23:00:00'::timestamp, '2024-06-29 23:00:00'::timestamp, false),
(32, 'CONFIRMED', 'IN_SHOP', '2024-07-06 14:00:00'::timestamp, '2024-07-06 15:00:00'::timestamp, '2024-06-29 23:00:00'::timestamp, '2024-06-29 23:00:00'::timestamp, false),
(33, 'PENDING', 'NO_NEED', '2024-07-07 12:00:00'::timestamp, '2024-07-07 13:00:00'::timestamp, '2024-06-29 23:00:00'::timestamp, '2024-06-29 23:00:00'::timestamp, false),
(34, 'PENDING', 'IN_SHOP', '2024-07-07 15:00:00'::timestamp, '2024-07-07 16:00:00'::timestamp, '2024-06-29 23:00:00'::timestamp, '2024-06-29 23:00:00'::timestamp, false),
(35, 'CONFIRMED', 'NO_NEED', '2024-07-07 10:00:00'::timestamp, '2024-07-07 11:00:00'::timestamp, '2024-06-29 23:00:00'::timestamp, '2024-06-29 23:00:00'::timestamp, false),
(36, 'PENDING', 'ELSE_WHERE', '2024-07-07 14:00:00'::timestamp, '2024-07-07 15:00:00'::timestamp, '2024-06-29 23:00:00'::timestamp, '2024-06-29 23:00:00'::timestamp, false),
(37, 'CONFIRMED', 'ELSE_WHERE', '2024-07-08 10:00:00'::timestamp, '2024-07-08 11:00:00'::timestamp, '2024-06-29 23:00:00'::timestamp, '2024-06-29 23:00:00'::timestamp, false),
(38, 'PENDING', 'ELSE_WHERE', '2024-07-08 12:00:00'::timestamp, '2024-07-08 13:00:00'::timestamp, '2024-06-29 23:00:00'::timestamp, '2024-06-29 23:00:00'::timestamp, false),
(39, 'CONFIRMED', 'IN_SHOP', '2024-07-08 15:00:00'::timestamp, '2024-07-08 16:00:00'::timestamp, '2024-06-29 23:00:00'::timestamp, '2024-06-29 23:00:00'::timestamp, false),
(40, 'PENDING', 'NO_NEED', '2024-07-09 10:00:00'::timestamp, '2024-07-09 11:00:00'::timestamp, '2024-06-29 23:00:00'::timestamp, '2024-06-29 23:00:00'::timestamp, false),
(41, 'PENDING', 'IN_SHOP', '2024-07-09 13:00:00'::timestamp, '2024-07-09 14:00:00'::timestamp, '2024-06-29 23:00:00'::timestamp, '2024-06-29 23:00:00'::timestamp, false),
(42, 'CONFIRMED', 'NO_NEED', '2024-07-09 16:00:00'::timestamp, '2024-07-09 17:00:00'::timestamp, '2024-06-29 23:00:00'::timestamp, '2024-06-29 23:00:00'::timestamp, false),
(43, 'PENDING', 'ELSE_WHERE', '2024-07-10 10:00:00'::timestamp, '2024-07-10 11:00:00'::timestamp, '2024-06-29 23:00:00'::timestamp, '2024-06-29 23:00:00'::timestamp, false),
(44, 'CONFIRMED', 'ELSE_WHERE', '2024-07-10 13:00:00'::timestamp, '2024-07-10 14:00:00'::timestamp, '2024-06-29 23:00:00'::timestamp, '2024-06-29 23:00:00'::timestamp, false),
(45, 'PENDING', 'ELSE_WHERE', '2024-07-10 16:00:00'::timestamp, '2024-07-10 17:00:00'::timestamp, '2024-06-29 23:00:00'::timestamp, '2024-06-29 23:00:00'::timestamp, false),
(46, 'CONFIRMED', 'IN_SHOP', '2024-07-11 10:00:00'::timestamp, '2024-07-11 11:00:00'::timestamp, '2024-06-29 23:00:00'::timestamp, '2024-06-29 23:00:00'::timestamp, false),
(47, 'PENDING', 'NO_NEED', '2024-07-11 12:00:00'::timestamp, '2024-07-11 13:00:00'::timestamp, '2024-06-29 23:00:00'::timestamp, '2024-06-29 23:00:00'::timestamp, false),
(48, 'CONFIRMED', 'ELSE_WHERE', '2024-07-11 15:00:00'::timestamp, '2024-07-11 16:00:00'::timestamp, '2024-06-29 23:00:00'::timestamp, '2024-06-29 23:00:00'::timestamp, false),
(49, 'PENDING', 'ELSE_WHERE', '2024-07-11 17:00:00'::timestamp, '2024-07-11 18:00:00'::timestamp, '2024-06-29 23:00:00'::timestamp, '2024-06-29 23:00:00'::timestamp, false),
(50, 'CONFIRMED', 'IN_SHOP', '2024-07-12 10:00:00'::timestamp, '2024-07-12 11:00:00'::timestamp, '2024-06-29 23:00:00'::timestamp, '2024-06-29 23:00:00'::timestamp, false),
(51, 'PENDING', 'NO_NEED', '2024-07-12 12:00:00'::timestamp, '2024-07-12 13:00:00'::timestamp, '2024-06-29 23:00:00'::timestamp, '2024-06-29 23:00:00'::timestamp, false),
(52, 'PENDING', 'IN_SHOP', '2024-07-12 14:00:00'::timestamp, '2024-07-12 15:00:00'::timestamp, '2024-06-29 23:00:00'::timestamp, '2024-06-29 23:00:00'::timestamp, false),
(53, 'CONFIRMED', 'NO_NEED', '2024-07-12 16:00:00'::timestamp, '2024-07-12 17:00:00'::timestamp, '2024-06-29 23:00:00'::timestamp, '2024-06-29 23:00:00'::timestamp, false),
(54, 'PENDING', 'ELSE_WHERE', '2024-07-13 10:00:00'::timestamp, '2024-07-13 11:00:00'::timestamp, '2024-06-29 23:00:00'::timestamp, '2024-06-29 23:00:00'::timestamp, false),
(55, 'CONFIRMED', 'ELSE_WHERE', '2024-07-13 13:00:00'::timestamp, '2024-07-13 14:00:00'::timestamp, '2024-06-29 23:00:00'::timestamp, '2024-06-29 23:00:00'::timestamp, false),
(56, 'PENDING', 'ELSE_WHERE', '2024-07-13 16:00:00'::timestamp, '2024-07-13 17:00:00'::timestamp, '2024-06-29 23:00:00'::timestamp, '2024-06-29 23:00:00'::timestamp, false),
(57, 'CONFIRMED', 'IN_SHOP', '2024-07-14 10:00:00'::timestamp, '2024-07-14 11:00:00'::timestamp, '2024-06-29 23:00:00'::timestamp, '2024-06-29 23:00:00'::timestamp, false),
(58, 'PENDING', 'NO_NEED', '2024-07-14 12:00:00'::timestamp, '2024-07-14 13:00:00'::timestamp, '2024-06-29 23:00:00'::timestamp, '2024-06-29 23:00:00'::timestamp, false),
(59, 'PENDING', 'IN_SHOP', '2024-07-14 14:00:00'::timestamp, '2024-07-14 15:00:00'::timestamp, '2024-06-29 23:00:00'::timestamp, '2024-06-29 23:00:00'::timestamp, false),
(60, 'CONFIRMED', 'NO_NEED', '2024-07-14 16:00:00'::timestamp, '2024-07-14 17:00:00'::timestamp, '2024-06-29 23:00:00'::timestamp, '2024-06-29 23:00:00'::timestamp, false),
(61, 'PENDING', 'ELSE_WHERE', '2024-07-15 10:00:00'::timestamp, '2024-07-15 11:00:00'::timestamp, '2024-06-29 23:00:00'::timestamp, '2024-06-29 23:00:00'::timestamp, false),
(62, 'CONFIRMED', 'ELSE_WHERE', '2024-07-15 13:00:00'::timestamp, '2024-07-15 14:00:00'::timestamp, '2024-06-29 23:00:00'::timestamp, '2024-06-29 23:00:00'::timestamp, false),
(63, 'PENDING', 'ELSE_WHERE', '2024-07-15 16:00:00'::timestamp, '2024-07-15 17:00:00'::timestamp, '2024-06-29 23:00:00'::timestamp, '2024-06-29 23:00:00'::timestamp, false),
(64, 'CONFIRMED', 'IN_SHOP', '2024-07-16 10:00:00'::timestamp, '2024-07-16 11:00:00'::timestamp, '2024-06-29 23:00:00'::timestamp, '2024-06-29 23:00:00'::timestamp, false),
(65, 'PENDING', 'NO_NEED', '2024-07-16 12:00:00'::timestamp, '2024-07-16 13:00:00'::timestamp, '2024-06-29 23:00:00'::timestamp, '2024-06-29 23:00:00'::timestamp, false),
(66, 'PENDING', 'IN_SHOP', '2024-07-16 14:00:00'::timestamp, '2024-07-16 15:00:00'::timestamp, '2024-06-29 23:00:00'::timestamp, '2024-06-29 23:00:00'::timestamp, false),
(67, 'CONFIRMED', 'NO_NEED', '2024-07-16 16:00:00'::timestamp, '2024-07-16 17:00:00'::timestamp, '2024-06-29 23:00:00'::timestamp, '2024-06-29 23:00:00'::timestamp, false),
(68, 'PENDING', 'ELSE_WHERE', '2024-07-17 10:00:00'::timestamp, '2024-07-17 11:00:00'::timestamp, '2024-06-29 23:00:00'::timestamp, '2024-06-29 23:00:00'::timestamp, false),
(69, 'CONFIRMED', 'ELSE_WHERE', '2024-07-17 13:00:00'::timestamp, '2024-07-17 14:00:00'::timestamp, '2024-06-29 23:00:00'::timestamp, '2024-06-29 23:00:00'::timestamp, false),
(70, 'PENDING', 'ELSE_WHERE', '2024-07-17 16:00:00'::timestamp, '2024-07-17 17:00:00'::timestamp, '2024-06-29 23:00:00'::timestamp, '2024-06-29 23:00:00'::timestamp, false),
(71, 'CONFIRMED', 'IN_SHOP', '2024-07-18 10:00:00'::timestamp, '2024-07-18 11:00:00'::timestamp, '2024-06-29 23:00:00'::timestamp, '2024-06-29 23:00:00'::timestamp, false),
(72, 'PENDING', 'NO_NEED', '2024-07-18 12:00:00'::timestamp, '2024-07-18 13:00:00'::timestamp, '2024-06-29 23:00:00'::timestamp, '2024-06-29 23:00:00'::timestamp, false),
(73, 'PENDING', 'IN_SHOP', '2024-07-18 14:00:00'::timestamp, '2024-07-18 15:00:00'::timestamp, '2024-06-29 23:00:00'::timestamp, '2024-06-29 23:00:00'::timestamp, false),
(74, 'CONFIRMED', 'NO_NEED', '2024-07-18 16:00:00'::timestamp, '2024-07-18 17:00:00'::timestamp, '2024-06-29 23:00:00'::timestamp, '2024-06-29 23:00:00'::timestamp, false),
(75, 'PENDING', 'ELSE_WHERE', '2024-07-19 10:00:00'::timestamp, '2024-07-19 11:00:00'::timestamp, '2024-06-29 23:00:00'::timestamp, '2024-06-29 23:00:00'::timestamp, false),
(76, 'CONFIRMED', 'ELSE_WHERE', '2024-07-19 13:00:00'::timestamp, '2024-07-19 14:00:00'::timestamp, '2024-06-29 23:00:00'::timestamp, '2024-06-29 23:00:00'::timestamp, false),
(77, 'PENDING', 'ELSE_WHERE', '2024-07-19 16:00:00'::timestamp, '2024-07-19 17:00:00'::timestamp, '2024-06-29 23:00:00'::timestamp, '2024-06-29 23:00:00'::timestamp, false),
(78, 'CONFIRMED', 'IN_SHOP', '2024-07-20 10:00:00'::timestamp, '2024-07-20 11:00:00'::timestamp, '2024-06-29 23:00:00'::timestamp, '2024-06-29 23:00:00'::timestamp, false),
(79, 'PENDING', 'NO_NEED', '2024-07-20 12:00:00'::timestamp, '2024-07-20 13:00:00'::timestamp, '2024-06-29 23:00:00'::timestamp, '2024-06-29 23:00:00'::timestamp, false),
(80, 'PENDING', 'IN_SHOP', '2024-07-20 14:00:00'::timestamp, '2024-07-20 15:00:00'::timestamp, '2024-06-29 23:00:00'::timestamp, '2024-06-29 23:00:00'::timestamp, false),
(81, 'CONFIRMED', 'NO_NEED', '2024-07-20 16:00:00'::timestamp, '2024-07-20 17:00:00'::timestamp, '2024-06-29 23:00:00'::timestamp, '2024-06-29 23:00:00'::timestamp, false),
(82, 'PENDING', 'ELSE_WHERE', '2024-07-21 10:00:00'::timestamp, '2024-07-21 11:00:00'::timestamp, '2024-06-29 23:00:00'::timestamp, '2024-06-29 23:00:00'::timestamp, false),
(83, 'CONFIRMED', 'ELSE_WHERE', '2024-07-21 13:00:00'::timestamp, '2024-07-21 14:00:00'::timestamp, '2024-06-29 23:00:00'::timestamp, '2024-06-29 23:00:00'::timestamp, false),
(84, 'PENDING', 'ELSE_WHERE', '2024-07-21 16:00:00'::timestamp, '2024-07-21 17:00:00'::timestamp, '2024-06-29 23:00:00'::timestamp, '2024-06-29 23:00:00'::timestamp, false),
(85, 'CONFIRMED', 'IN_SHOP', '2024-07-22 10:00:00'::timestamp, '2024-07-22 11:00:00'::timestamp, '2024-06-29 23:00:00'::timestamp, '2024-06-29 23:00:00'::timestamp, false),
(86, 'PENDING', 'NO_NEED', '2024-07-22 12:00:00'::timestamp, '2024-07-22 13:00:00'::timestamp, '2024-06-29 23:00:00'::timestamp, '2024-06-29 23:00:00'::timestamp, false),
(87, 'PENDING', 'IN_SHOP', '2024-07-22 14:00:00'::timestamp, '2024-07-22 15:00:00'::timestamp, '2024-06-29 23:00:00'::timestamp, '2024-06-29 23:00:00'::timestamp, false),
(88, 'CONFIRMED', 'NO_NEED', '2024-07-22 16:00:00'::timestamp, '2024-07-22 17:00:00'::timestamp, '2024-06-29 23:00:00'::timestamp, '2024-06-29 23:00:00'::timestamp, false),
(89, 'PENDING', 'ELSE_WHERE', '2024-07-23 10:00:00'::timestamp, '2024-07-23 11:00:00'::timestamp, '2024-06-29 23:00:00'::timestamp, '2024-06-29 23:00:00'::timestamp, false),
(90, 'CONFIRMED', 'ELSE_WHERE', '2024-07-23 13:00:00'::timestamp, '2024-07-23 14:00:00'::timestamp, '2024-06-29 23:00:00'::timestamp, '2024-06-29 23:00:00'::timestamp, false),
(91, 'PENDING', 'ELSE_WHERE', '2024-07-23 16:00:00'::timestamp, '2024-07-23 17:00:00'::timestamp, '2024-06-29 23:00:00'::timestamp, '2024-06-29 23:00:00'::timestamp, false),
(92, 'CONFIRMED', 'IN_SHOP', '2024-07-24 10:00:00'::timestamp, '2024-07-24 11:00:00'::timestamp, '2024-06-29 23:00:00'::timestamp, '2024-06-29 23:00:00'::timestamp, false),
(93, 'PENDING', 'NO_NEED', '2024-07-24 12:00:00'::timestamp, '2024-07-24 13:00:00'::timestamp, '2024-06-29 23:00:00'::timestamp, '2024-06-29 23:00:00'::timestamp, false),
(94, 'PENDING', 'IN_SHOP', '2024-07-24 14:00:00'::timestamp, '2024-07-24 15:00:00'::timestamp, '2024-06-29 23:00:00'::timestamp, '2024-06-29 23:00:00'::timestamp, false),
(95, 'CONFIRMED', 'NO_NEED', '2024-07-24 16:00:00'::timestamp, '2024-07-24 17:00:00'::timestamp, '2024-06-29 23:00:00'::timestamp, '2024-06-29 23:00:00'::timestamp, false),
(96, 'PENDING', 'ELSE_WHERE', '2024-07-25 10:00:00'::timestamp, '2024-07-25 11:00:00'::timestamp, '2024-06-29 23:00:00'::timestamp, '2024-06-29 23:00:00'::timestamp, false),
(97, 'CONFIRMED', 'ELSE_WHERE', '2024-07-25 13:00:00'::timestamp, '2024-07-25 14:00:00'::timestamp, '2024-06-29 23:00:00'::timestamp, '2024-06-29 23:00:00'::timestamp, false),
(98, 'PENDING', 'ELSE_WHERE', '2024-07-25 16:00:00'::timestamp, '2024-07-25 17:00:00'::timestamp, '2024-06-29 23:00:00'::timestamp, '2024-06-29 23:00:00'::timestamp, false),
(99, 'CONFIRMED', 'IN_SHOP', '2024-07-26 10:00:00'::timestamp, '2024-07-26 11:00:00'::timestamp, '2024-06-29 23:00:00'::timestamp, '2024-06-29 23:00:00'::timestamp, false),
(100, 'PENDING', 'NO_NEED', '2024-07-26 12:00:00'::timestamp, '2024-07-26 13:00:00'::timestamp, '2024-06-29 23:00:00'::timestamp, '2024-06-29 23:00:00'::timestamp, false),
(101, 'PENDING', 'IN_SHOP', '2024-07-26 14:00:00'::timestamp, '2024-07-26 15:00:00'::timestamp, '2024-06-29 23:00:00'::timestamp, '2024-06-29 23:00:00'::timestamp, false),
(102, 'CONFIRMED', 'NO_NEED', '2024-07-26 16:00:00'::timestamp, '2024-07-26 17:00:00'::timestamp, '2024-06-29 23:00:00'::timestamp, '2024-06-29 23:00:00'::timestamp, false),
(103, 'PENDING', 'ELSE_WHERE', '2024-07-27 10:00:00'::timestamp, '2024-07-27 11:00:00'::timestamp, '2024-06-29 23:00:00'::timestamp, '2024-06-29 23:00:00'::timestamp, false),
(104, 'CONFIRMED', 'ELSE_WHERE', '2024-07-27 13:00:00'::timestamp, '2024-07-27 14:00:00'::timestamp, '2024-06-29 23:00:00'::timestamp, '2024-06-29 23:00:00'::timestamp, false),
(105, 'PENDING', 'ELSE_WHERE', '2024-07-27 16:00:00'::timestamp, '2024-07-27 17:00:00'::timestamp, '2024-06-29 23:00:00'::timestamp, '2024-06-29 23:00:00'::timestamp, false),
(106, 'CONFIRMED', 'IN_SHOP', '2024-07-28 10:00:00'::timestamp, '2024-07-28 11:00:00'::timestamp, '2024-06-29 23:00:00'::timestamp, '2024-06-29 23:00:00'::timestamp, false),
(107, 'PENDING', 'NO_NEED', '2024-07-28 12:00:00'::timestamp, '2024-07-28 13:00:00'::timestamp, '2024-06-29 23:00:00'::timestamp, '2024-06-29 23:00:00'::timestamp, false),
(108, 'PENDING', 'IN_SHOP', '2024-07-28 14:00:00'::timestamp, '2024-07-28 15:00:00'::timestamp, '2024-06-29 23:00:00'::timestamp, '2024-06-29 23:00:00'::timestamp, false),
(109, 'CONFIRMED', 'NO_NEED', '2024-07-28 16:00:00'::timestamp, '2024-07-28 17:00:00'::timestamp, '2024-06-29 23:00:00'::timestamp, '2024-06-29 23:00:00'::timestamp, false),
(110, 'PENDING', 'ELSE_WHERE', '2024-07-29 10:00:00'::timestamp, '2024-07-29 11:00:00'::timestamp, '2024-06-29 23:00:00'::timestamp, '2024-06-29 23:00:00'::timestamp, false),
(111, 'CONFIRMED', 'ELSE_WHERE', '2024-07-29 13:00:00'::timestamp, '2024-07-29 14:00:00'::timestamp, '2024-06-29 23:00:00'::timestamp, '2024-06-29 23:00:00'::timestamp, false),
(112, 'PENDING', 'ELSE_WHERE', '2024-07-29 16:00:00'::timestamp, '2024-07-29 17:00:00'::timestamp, '2024-06-29 23:00:00'::timestamp, '2024-06-29 23:00:00'::timestamp, false),
(113, 'CONFIRMED', 'IN_SHOP', '2024-07-30 10:00:00'::timestamp, '2024-07-30 11:00:00'::timestamp, '2024-06-29 23:00:00'::timestamp, '2024-06-29 23:00:00'::timestamp, false),
(114, 'PENDING', 'NO_NEED', '2024-07-30 12:00:00'::timestamp, '2024-07-30 13:00:00'::timestamp, '2024-06-29 23:00:00'::timestamp, '2024-06-29 23:00:00'::timestamp, false),
(115, 'PENDING', 'IN_SHOP', '2024-07-30 14:00:00'::timestamp, '2024-07-30 15:00:00'::timestamp, '2024-06-29 23:00:00'::timestamp, '2024-06-29 23:00:00'::timestamp, false),
(116, 'CONFIRMED', 'NO_NEED', '2024-07-30 16:00:00'::timestamp, '2024-07-30 17:00:00'::timestamp, '2024-06-29 23:00:00'::timestamp, '2024-06-29 23:00:00'::timestamp, false),
(117, 'PENDING', 'ELSE_WHERE', '2024-07-31 10:00:00'::timestamp, '2024-07-31 11:00:00'::timestamp, '2024-06-29 23:00:00'::timestamp, '2024-06-29 23:00:00'::timestamp, false),
(118, 'CONFIRMED', 'ELSE_WHERE', '2024-07-31 13:00:00'::timestamp, '2024-07-31 14:00:00'::timestamp, '2024-06-29 23:00:00'::timestamp, '2024-06-29 23:00:00'::timestamp, false),
(119, 'PENDING', 'ELSE_WHERE', '2024-07-31 16:00:00'::timestamp, '2024-07-31 17:00:00'::timestamp, '2024-06-29 23:00:00'::timestamp, '2024-06-29 23:00:00'::timestamp, false),
(120, 'CONFIRMED', 'IN_SHOP', '2024-07-01 10:00:00'::timestamp, '2024-07-01 11:00:00'::timestamp, '2024-06-29 23:00:00'::timestamp, '2024-06-29 23:00:00'::timestamp, false);

-- 조건 정보 삽입
INSERT INTO conditions (reservation_detail_id, option, created_at, modified_at) VALUES
(1, 'REPAIR', '2024-06-25 11:00:00'::timestamp, '2024-06-25 11:00:00'::timestamp),
(2, 'REPAIR', '2024-06-25 12:00:00'::timestamp, '2024-06-25 12:00:00'::timestamp),
(3, 'WOUND_CARE', '2024-06-26 15:00:00'::timestamp, '2024-06-26 15:00:00'::timestamp),
(4, 'REPAIR', '2024-06-26 15:00:00'::timestamp, '2024-06-26 15:00:00'::timestamp),
(5, 'REPAIR', '2024-06-26 16:00:00'::timestamp, '2024-06-26 16:00:00'::timestamp),
(6, 'CORRECTION', '2024-06-27 17:00:00'::timestamp, '2024-06-27 17:00:00'::timestamp),
(7, 'CORRECTION', '2024-06-27 18:00:00'::timestamp, '2024-06-27 18:00:00'::timestamp),
(8, 'REPAIR', '2024-06-28 19:00:00'::timestamp, '2024-06-28 19:00:00'::timestamp),
(9, 'WOUND_CARE', '2024-06-28 20:00:00'::timestamp, '2024-06-28 20:00:00'::timestamp),
(10, 'REPAIR', '2024-06-28 21:00:00'::timestamp, '2024-06-28 21:00:00'::timestamp),
(11, 'REPAIR', '2024-06-29 22:00:00'::timestamp, '2024-06-29 22:00:00'::timestamp),
(12, 'REPAIR', '2024-06-29 23:00:00'::timestamp, '2024-06-29 23:00:00'::timestamp),
(13, 'REPAIR', '2024-06-30 09:00:00'::timestamp, '2024-06-30 09:00:00'::timestamp),
(14, 'WOUND_CARE', '2024-06-30 10:00:00'::timestamp, '2024-06-30 10:00:00'::timestamp),
(15, 'CORRECTION', '2024-06-30 11:00:00'::timestamp, '2024-06-30 11:00:00'::timestamp),
(16, 'REPAIR', '2024-06-30 12:00:00'::timestamp, '2024-06-30 12:00:00'::timestamp),
(17, 'WOUND_CARE', '2024-06-30 13:00:00'::timestamp, '2024-06-30 13:00:00'::timestamp),
(18, 'CORRECTION', '2024-06-30 14:00:00'::timestamp, '2024-06-30 14:00:00'::timestamp),
(19, 'REPAIR', '2024-06-30 15:00:00'::timestamp, '2024-06-30 15:00:00'::timestamp),
(20, 'WOUND_CARE', '2024-06-30 16:00:00'::timestamp, '2024-06-30 16:00:00'::timestamp),
(21, 'CORRECTION', '2024-06-30 17:00:00'::timestamp, '2024-06-30 17:00:00'::timestamp),
(22, 'REPAIR', '2024-06-30 18:00:00'::timestamp, '2024-06-30 18:00:00'::timestamp),
(23, 'WOUND_CARE', '2024-06-30 19:00:00'::timestamp, '2024-06-30 19:00:00'::timestamp),
(24, 'CORRECTION', '2024-06-30 20:00:00'::timestamp, '2024-06-30 20:00:00'::timestamp),
(25, 'REPAIR', '2024-06-30 21:00:00'::timestamp, '2024-06-30 21:00:00'::timestamp),
(26, 'WOUND_CARE', '2024-06-30 22:00:00'::timestamp, '2024-06-30 22:00:00'::timestamp),
(27, 'CORRECTION', '2024-06-30 23:00:00'::timestamp, '2024-06-30 23:00:00'::timestamp),
(28, 'REPAIR', '2024-07-01 09:00:00'::timestamp, '2024-07-01 09:00:00'::timestamp),
(29, 'WOUND_CARE', '2024-07-01 10:00:00'::timestamp, '2024-07-01 10:00:00'::timestamp),
(30, 'CORRECTION', '2024-07-01 11:00:00'::timestamp, '2024-07-01 11:00:00'::timestamp),
(31, 'REPAIR', '2024-07-01 12:00:00'::timestamp, '2024-07-01 12:00:00'::timestamp),
(32, 'WOUND_CARE', '2024-07-01 13:00:00'::timestamp, '2024-07-01 13:00:00'::timestamp),
(33, 'CORRECTION', '2024-07-01 14:00:00'::timestamp, '2024-07-01 14:00:00'::timestamp),
(34, 'REPAIR', '2024-07-01 15:00:00'::timestamp, '2024-07-01 15:00:00'::timestamp),
(35, 'WOUND_CARE', '2024-07-01 16:00:00'::timestamp, '2024-07-01 16:00:00'::timestamp),
(36, 'CORRECTION', '2024-07-01 17:00:00'::timestamp, '2024-07-01 17:00:00'::timestamp),
(37, 'REPAIR', '2024-07-01 18:00:00'::timestamp, '2024-07-01 18:00:00'::timestamp),
(38, 'WOUND_CARE', '2024-07-01 19:00:00'::timestamp, '2024-07-01 19:00:00'::timestamp),
(39, 'CORRECTION', '2024-07-01 20:00:00'::timestamp, '2024-07-01 20:00:00'::timestamp),
(40, 'REPAIR', '2024-07-01 21:00:00'::timestamp, '2024-07-01 21:00:00'::timestamp),
(41, 'WOUND_CARE', '2024-07-01 22:00:00'::timestamp, '2024-07-01 22:00:00'::timestamp),
(42, 'CORRECTION', '2024-07-01 23:00:00'::timestamp, '2024-07-01 23:00:00'::timestamp),
(43, 'REPAIR', '2024-07-02 09:00:00'::timestamp, '2024-07-02 09:00:00'::timestamp),
(44, 'WOUND_CARE', '2024-07-02 10:00:00'::timestamp, '2024-07-02 10:00:00'::timestamp),
(45, 'CORRECTION', '2024-07-02 11:00:00'::timestamp, '2024-07-02 11:00:00'::timestamp),
(46, 'REPAIR', '2024-07-02 12:00:00'::timestamp, '2024-07-02 12:00:00'::timestamp),
(47, 'WOUND_CARE', '2024-07-02 13:00:00'::timestamp, '2024-07-02 13:00:00'::timestamp),
(48, 'CORRECTION', '2024-07-02 14:00:00'::timestamp, '2024-07-02 14:00:00'::timestamp),
(49, 'REPAIR', '2024-07-02 15:00:00'::timestamp, '2024-07-02 15:00:00'::timestamp),
(50, 'WOUND_CARE', '2024-07-02 16:00:00'::timestamp, '2024-07-02 16:00:00'::timestamp),
(51, 'CORRECTION', '2024-07-02 17:00:00'::timestamp, '2024-07-02 17:00:00'::timestamp),
(52, 'REPAIR', '2024-07-02 18:00:00'::timestamp, '2024-07-02 18:00:00'::timestamp),
(53, 'WOUND_CARE', '2024-07-02 19:00:00'::timestamp, '2024-07-02 19:00:00'::timestamp),
(54, 'CORRECTION', '2024-07-02 20:00:00'::timestamp, '2024-07-02 20:00:00'::timestamp),
(55, 'REPAIR', '2024-07-02 21:00:00'::timestamp, '2024-07-02 21:00:00'::timestamp),
(56, 'WOUND_CARE', '2024-07-02 22:00:00'::timestamp, '2024-07-02 22:00:00'::timestamp),
(57, 'CORRECTION', '2024-07-02 23:00:00'::timestamp, '2024-07-02 23:00:00'::timestamp),
(58, 'REPAIR', '2024-07-03 09:00:00'::timestamp, '2024-07-03 09:00:00'::timestamp),
(59, 'WOUND_CARE', '2024-07-03 10:00:00'::timestamp, '2024-07-03 10:00:00'::timestamp),
(60, 'CORRECTION', '2024-07-03 11:00:00'::timestamp, '2024-07-03 11:00:00'::timestamp),
(61, 'REPAIR', '2024-07-03 12:00:00'::timestamp, '2024-07-03 12:00:00'::timestamp),
(62, 'WOUND_CARE', '2024-07-03 13:00:00'::timestamp, '2024-07-03 13:00:00'::timestamp),
(63, 'CORRECTION', '2024-07-03 14:00:00'::timestamp, '2024-07-03 14:00:00'::timestamp),
(64, 'REPAIR', '2024-07-03 15:00:00'::timestamp, '2024-07-03 15:00:00'::timestamp),
(65, 'WOUND_CARE', '2024-07-03 16:00:00'::timestamp, '2024-07-03 16:00:00'::timestamp),
(66, 'CORRECTION', '2024-07-03 17:00:00'::timestamp, '2024-07-03 17:00:00'::timestamp),
(67, 'REPAIR', '2024-07-03 18:00:00'::timestamp, '2024-07-03 18:00:00'::timestamp),
(68, 'WOUND_CARE', '2024-07-03 19:00:00'::timestamp, '2024-07-03 19:00:00'::timestamp),
(69, 'CORRECTION', '2024-07-03 20:00:00'::timestamp, '2024-07-03 20:00:00'::timestamp),
(70, 'REPAIR', '2024-07-03 21:00:00'::timestamp, '2024-07-03 21:00:00'::timestamp),
(71, 'WOUND_CARE', '2024-07-03 22:00:00'::timestamp, '2024-07-03 22:00:00'::timestamp),
(72, 'CORRECTION', '2024-07-03 23:00:00'::timestamp, '2024-07-03 23:00:00'::timestamp),
(73, 'REPAIR', '2024-07-04 09:00:00'::timestamp, '2024-07-04 09:00:00'::timestamp),
(74, 'WOUND_CARE', '2024-07-04 10:00:00'::timestamp, '2024-07-04 10:00:00'::timestamp),
(75, 'CORRECTION', '2024-07-04 11:00:00'::timestamp, '2024-07-04 11:00:00'::timestamp),
(76, 'REPAIR', '2024-07-04 12:00:00'::timestamp, '2024-07-04 12:00:00'::timestamp),
(77, 'WOUND_CARE', '2024-07-04 13:00:00'::timestamp, '2024-07-04 13:00:00'::timestamp),
(78, 'CORRECTION', '2024-07-04 14:00:00'::timestamp, '2024-07-04 14:00:00'::timestamp),
(79, 'REPAIR', '2024-07-04 15:00:00'::timestamp, '2024-07-04 15:00:00'::timestamp),
(80, 'WOUND_CARE', '2024-07-04 16:00:00'::timestamp, '2024-07-04 16:00:00'::timestamp),
(81, 'CORRECTION', '2024-07-04 17:00:00'::timestamp, '2024-07-04 17:00:00'::timestamp),
(82, 'REPAIR', '2024-07-04 18:00:00'::timestamp, '2024-07-04 18:00:00'::timestamp),
(83, 'WOUND_CARE', '2024-07-04 19:00:00'::timestamp, '2024-07-04 19:00:00'::timestamp),
(84, 'CORRECTION', '2024-07-04 20:00:00'::timestamp, '2024-07-04 20:00:00'::timestamp),
(85, 'REPAIR', '2024-07-04 21:00:00'::timestamp, '2024-07-04 21:00:00'::timestamp),
(86, 'WOUND_CARE', '2024-07-04 22:00:00'::timestamp, '2024-07-04 22:00:00'::timestamp),
(87, 'CORRECTION', '2024-07-04 23:00:00'::timestamp, '2024-07-04 23:00:00'::timestamp),
(88, 'REPAIR', '2024-07-05 09:00:00'::timestamp, '2024-07-05 09:00:00'::timestamp),
(89, 'WOUND_CARE', '2024-07-05 10:00:00'::timestamp, '2024-07-05 10:00:00'::timestamp),
(90, 'CORRECTION', '2024-07-05 11:00:00'::timestamp, '2024-07-05 11:00:00'::timestamp),
(91, 'REPAIR', '2024-07-05 12:00:00'::timestamp, '2024-07-05 12:00:00'::timestamp),
(92, 'WOUND_CARE', '2024-07-05 13:00:00'::timestamp, '2024-07-05 13:00:00'::timestamp),
(93, 'CORRECTION', '2024-07-05 14:00:00'::timestamp, '2024-07-05 14:00:00'::timestamp),
(94, 'REPAIR', '2024-07-05 15:00:00'::timestamp, '2024-07-05 15:00:00'::timestamp),
(95, 'WOUND_CARE', '2024-07-05 16:00:00'::timestamp, '2024-07-05 16:00:00'::timestamp),
(96, 'CORRECTION', '2024-07-05 17:00:00'::timestamp, '2024-07-05 17:00:00'::timestamp),
(97, 'REPAIR', '2024-07-05 18:00:00'::timestamp, '2024-07-05 18:00:00'::timestamp),
(98, 'WOUND_CARE', '2024-07-05 19:00:00'::timestamp, '2024-07-05 19:00:00'::timestamp),
(99, 'CORRECTION', '2024-07-05 20:00:00'::timestamp, '2024-07-05 20:00:00'::timestamp),
(100, 'REPAIR', '2024-07-05 21:00:00'::timestamp, '2024-07-05 21:00:00'::timestamp),
(101, 'WOUND_CARE', '2024-07-05 22:00:00'::timestamp, '2024-07-05 22:00:00'::timestamp),
(102, 'CORRECTION', '2024-07-05 23:00:00'::timestamp, '2024-07-05 23:00:00'::timestamp),
(103, 'REPAIR', '2024-07-06 09:00:00'::timestamp, '2024-07-06 09:00:00'::timestamp),
(104, 'WOUND_CARE', '2024-07-06 10:00:00'::timestamp, '2024-07-06 10:00:00'::timestamp),
(105, 'CORRECTION', '2024-07-06 11:00:00'::timestamp, '2024-07-06 11:00:00'::timestamp),
(106, 'REPAIR', '2024-07-06 12:00:00'::timestamp, '2024-07-06 12:00:00'::timestamp),
(107, 'WOUND_CARE', '2024-07-06 13:00:00'::timestamp, '2024-07-06 13:00:00'::timestamp),
(108, 'CORRECTION', '2024-07-06 14:00:00'::timestamp, '2024-07-06 14:00:00'::timestamp),
(109, 'REPAIR', '2024-07-06 15:00:00'::timestamp, '2024-07-06 15:00:00'::timestamp),
(110, 'WOUND_CARE', '2024-07-06 16:00:00'::timestamp, '2024-07-06 16:00:00'::timestamp),
(111, 'CORRECTION', '2024-07-06 17:00:00'::timestamp, '2024-07-06 17:00:00'::timestamp),
(112, 'REPAIR', '2024-07-06 18:00:00'::timestamp, '2024-07-06 18:00:00'::timestamp),
(113, 'WOUND_CARE', '2024-07-06 19:00:00'::timestamp, '2024-07-06 19:00:00'::timestamp),
(114, 'CORRECTION', '2024-07-06 20:00:00'::timestamp, '2024-07-06 20:00:00'::timestamp),
(115, 'REPAIR', '2024-07-06 21:00:00'::timestamp, '2024-07-06 21:00:00'::timestamp),
(116, 'WOUND_CARE', '2024-07-06 22:00:00'::timestamp, '2024-07-06 22:00:00'::timestamp),
(117, 'CORRECTION', '2024-07-06 23:00:00'::timestamp, '2024-07-06 23:00:00'::timestamp),
(118, 'REPAIR', '2024-07-07 09:00:00'::timestamp, '2024-07-07 09:00:00'::timestamp),
(119, 'WOUND_CARE', '2024-07-07 10:00:00'::timestamp, '2024-07-07 10:00:00'::timestamp),
(120, 'CORRECTION', '2024-07-07 11:00:00'::timestamp, '2024-07-07 11:00:00'::timestamp);





-- 처리 정보 삽입
INSERT INTO treatments (reservation_detail_id, option, image_id, image_url, created_at, modified_at) VALUES
(1, 'AOM', 1, '', '2024-06-25 11:00:00'::timestamp, '2024-06-25 11:00:00'::timestamp),
(2, 'CARE', 2, '', '2024-06-25 12:00:00'::timestamp, '2024-06-25 12:00:00'::timestamp),
(3, 'ONE', 3, '', '2024-06-26 15:00:00'::timestamp, '2024-06-26 15:00:00'::timestamp),
(4, 'AOM', 4, '', '2024-06-26 15:00:00'::timestamp, '2024-06-26 15:00:00'::timestamp),
(5, 'AOM', 5, '', '2024-06-26 16:00:00'::timestamp, '2024-06-26 16:00:00'::timestamp),
(6, 'AOM', 6, '', '2024-06-27 17:00:00'::timestamp, '2024-06-27 17:00:00'::timestamp),
(7, 'CARE', 7, '', '2024-06-27 18:00:00'::timestamp, '2024-06-27 18:00:00'::timestamp),
(8, 'ONE', 8, '', '2024-06-28 19:00:00'::timestamp, '2024-06-28 19:00:00'::timestamp),
(9, 'AOM', 9, '', '2024-06-28 20:00:00'::timestamp, '2024-06-28 20:00:00'::timestamp),
(10, 'ONE', 10, '', '2024-06-28 21:00:00'::timestamp, '2024-06-28 21:00:00'::timestamp),
(11, 'ONE', 11, '', '2024-06-29 22:00:00'::timestamp, '2024-06-29 22:00:00'::timestamp),
(12, 'ONE', 12, '', '2024-06-29 23:00:00'::timestamp, '2024-06-29 23:00:00'::timestamp),
(13, 'AOM', 13, '', '2024-06-30 09:00:00'::timestamp, '2024-06-30 09:00:00'::timestamp),
(14, 'CARE', 14, '', '2024-06-30 10:00:00'::timestamp, '2024-06-30 10:00:00'::timestamp),
(15, 'ONE', 15, '', '2024-06-30 11:00:00'::timestamp, '2024-06-30 11:00:00'::timestamp),
(16, 'AOM', 16, '', '2024-06-30 12:00:00'::timestamp, '2024-06-30 12:00:00'::timestamp),
(17, 'AOM', 17, '', '2024-06-30 13:00:00'::timestamp, '2024-06-30 13:00:00'::timestamp),
(18, 'CARE', 18, '', '2024-06-30 14:00:00'::timestamp, '2024-06-30 14:00:00'::timestamp),
(19, 'AOM', 19, '', '2024-06-30 15:00:00'::timestamp, '2024-06-30 15:00:00'::timestamp),
(20, 'AOM', 20, '', '2024-06-30 16:00:00'::timestamp, '2024-06-30 16:00:00'::timestamp),
(21, 'AOM', 21, '', '2024-06-30 17:00:00'::timestamp, '2024-06-30 17:00:00'::timestamp),
(22, 'CARE', 22, '', '2024-06-30 18:00:00'::timestamp, '2024-06-30 18:00:00'::timestamp),
(23, 'ONE', 23, '', '2024-06-30 19:00:00'::timestamp, '2024-06-30 19:00:00'::timestamp),
(24, 'ONE', 24, '', '2024-06-30 20:00:00'::timestamp, '2024-06-30 20:00:00'::timestamp),
(25, 'AOM', 25, '', '2024-06-30 21:00:00'::timestamp, '2024-06-30 21:00:00'::timestamp),
(26, 'CARE', 26, '', '2024-06-30 22:00:00'::timestamp, '2024-06-30 22:00:00'::timestamp),
(27, 'ONE', 27, '', '2024-06-30 23:00:00'::timestamp, '2024-06-30 23:00:00'::timestamp),
(28, 'AOM', 28, '', '2024-07-01 09:00:00'::timestamp, '2024-07-01 09:00:00'::timestamp),
(29, 'CARE', 29, '', '2024-07-01 10:00:00'::timestamp, '2024-07-01 10:00:00'::timestamp),
(30, 'ONE', 30, '', '2024-07-01 11:00:00'::timestamp, '2024-07-01 11:00:00'::timestamp),
(31, 'AOM', 31, '', '2024-07-01 12:00:00'::timestamp, '2024-07-01 12:00:00'::timestamp),
(32, 'CARE', 32, '', '2024-07-01 13:00:00'::timestamp, '2024-07-01 13:00:00'::timestamp),
(33, 'ONE', 33, '', '2024-07-01 14:00:00'::timestamp, '2024-07-01 14:00:00'::timestamp),
(34, 'AOM', 34, '', '2024-07-01 15:00:00'::timestamp, '2024-07-01 15:00:00'::timestamp),
(35, 'CARE', 35, '', '2024-07-01 16:00:00'::timestamp, '2024-07-01 16:00:00'::timestamp),
(36, 'ONE', 36, '', '2024-07-01 17:00:00'::timestamp, '2024-07-01 17:00:00'::timestamp),
(37, 'AOM', 37, '', '2024-07-01 18:00:00'::timestamp, '2024-07-01 18:00:00'::timestamp),
(38, 'CARE', 38, '', '2024-07-01 19:00:00'::timestamp, '2024-07-01 19:00:00'::timestamp),
(39, 'ONE', 39, '', '2024-07-01 20:00:00'::timestamp, '2024-07-01 20:00:00'::timestamp),
(40, 'AOM', 40, '', '2024-07-01 21:00:00'::timestamp, '2024-07-01 21:00:00'::timestamp),
(41, 'CARE', 41, '', '2024-07-01 22:00:00'::timestamp, '2024-07-01 22:00:00'::timestamp),
(42, 'ONE', 42, '', '2024-07-01 23:00:00'::timestamp, '2024-07-01 23:00:00'::timestamp),
(43, 'AOM', 43, '', '2024-07-02 09:00:00'::timestamp, '2024-07-02 09:00:00'::timestamp),
(44, 'CARE', 44, '', '2024-07-02 10:00:00'::timestamp, '2024-07-02 10:00:00'::timestamp),
(45, 'ONE', 45, '', '2024-07-02 11:00:00'::timestamp, '2024-07-02 11:00:00'::timestamp),
(46, 'AOM', 46, '', '2024-07-02 12:00:00'::timestamp, '2024-07-02 12:00:00'::timestamp),
(47, 'CARE', 47, '', '2024-07-02 13:00:00'::timestamp, '2024-07-02 13:00:00'::timestamp),
(48, 'ONE', 48, '', '2024-07-02 14:00:00'::timestamp, '2024-07-02 14:00:00'::timestamp),
(49, 'AOM', 49, '', '2024-07-02 15:00:00'::timestamp, '2024-07-02 15:00:00'::timestamp),
(50, 'CARE', 50, '', '2024-07-02 16:00:00'::timestamp, '2024-07-02 16:00:00'::timestamp),
(51, 'ONE', 51, '', '2024-07-02 17:00:00'::timestamp, '2024-07-02 17:00:00'::timestamp),
(52, 'AOM', 52, '', '2024-07-02 18:00:00'::timestamp, '2024-07-02 18:00:00'::timestamp),
(53, 'CARE', 53, '', '2024-07-02 19:00:00'::timestamp, '2024-07-02 19:00:00'::timestamp),
(54, 'ONE', 54, '', '2024-07-02 20:00:00'::timestamp, '2024-07-02 20:00:00'::timestamp),
(55, 'AOM', 55, '', '2024-07-02 21:00:00'::timestamp, '2024-07-02 21:00:00'::timestamp),
(56, 'CARE', 56, '', '2024-07-02 22:00:00'::timestamp, '2024-07-02 22:00:00'::timestamp),
(57, 'ONE', 57, '', '2024-07-02 23:00:00'::timestamp, '2024-07-02 23:00:00'::timestamp),
(58, 'AOM', 58, '', '2024-07-03 09:00:00'::timestamp, '2024-07-03 09:00:00'::timestamp),
(59, 'CARE', 59, '', '2024-07-03 10:00:00'::timestamp, '2024-07-03 10:00:00'::timestamp),
(60, 'ONE', 60, '', '2024-07-03 11:00:00'::timestamp, '2024-07-03 11:00:00'::timestamp),
(61, 'AOM', 61, '', '2024-07-03 12:00:00'::timestamp, '2024-07-03 12:00:00'::timestamp),
(62, 'CARE', 62, '', '2024-07-03 13:00:00'::timestamp, '2024-07-03 13:00:00'::timestamp),
(63, 'ONE', 63, '', '2024-07-03 14:00:00'::timestamp, '2024-07-03 14:00:00'::timestamp),
(64, 'AOM', 64, '', '2024-07-03 15:00:00'::timestamp, '2024-07-03 15:00:00'::timestamp),
(65, 'CARE', 65, '', '2024-07-03 16:00:00'::timestamp, '2024-07-03 16:00:00'::timestamp),
(66, 'ONE', 66, '', '2024-07-03 17:00:00'::timestamp, '2024-07-03 17:00:00'::timestamp),
(67, 'AOM', 67, '', '2024-07-03 18:00:00'::timestamp, '2024-07-03 18:00:00'::timestamp),
(68, 'CARE', 68, '', '2024-07-03 19:00:00'::timestamp, '2024-07-03 19:00:00'::timestamp),
(69, 'ONE', 69, '', '2024-07-03 20:00:00'::timestamp, '2024-07-03 20:00:00'::timestamp),
(70, 'AOM', 70, '', '2024-07-03 21:00:00'::timestamp, '2024-07-03 21:00:00'::timestamp),
(71, 'CARE', 71, '', '2024-07-03 22:00:00'::timestamp, '2024-07-03 22:00:00'::timestamp),
(72, 'ONE', 72, '', '2024-07-03 23:00:00'::timestamp, '2024-07-03 23:00:00'::timestamp),
(73, 'AOM', 73, '', '2024-07-04 09:00:00'::timestamp, '2024-07-04 09:00:00'::timestamp),
(74, 'CARE', 74, '', '2024-07-04 10:00:00'::timestamp, '2024-07-04 10:00:00'::timestamp),
(75, 'ONE', 75, '', '2024-07-04 11:00:00'::timestamp, '2024-07-04 11:00:00'::timestamp),
(76, 'AOM', 76, '', '2024-07-04 12:00:00'::timestamp, '2024-07-04 12:00:00'::timestamp),
(77, 'CARE', 77, '', '2024-07-04 13:00:00'::timestamp, '2024-07-04 13:00:00'::timestamp),
(78, 'ONE', 78, '', '2024-07-04 14:00:00'::timestamp, '2024-07-04 14:00:00'::timestamp),
(79, 'AOM', 79, '', '2024-07-04 15:00:00'::timestamp, '2024-07-04 15:00:00'::timestamp),
(80, 'CARE', 80, '', '2024-07-04 16:00:00'::timestamp, '2024-07-04 16:00:00'::timestamp),
(81, 'ONE', 81, '', '2024-07-04 17:00:00'::timestamp, '2024-07-04 17:00:00'::timestamp),
(82, 'AOM', 82, '', '2024-07-04 18:00:00'::timestamp, '2024-07-04 18:00:00'::timestamp),
(83, 'CARE', 83, '', '2024-07-04 19:00:00'::timestamp, '2024-07-04 19:00:00'::timestamp),
(84, 'ONE', 84, '', '2024-07-04 20:00:00'::timestamp, '2024-07-04 20:00:00'::timestamp),
(85, 'AOM', 85, '', '2024-07-04 21:00:00'::timestamp, '2024-07-04 21:00:00'::timestamp),
(86, 'CARE', 86, '', '2024-07-04 22:00:00'::timestamp, '2024-07-04 22:00:00'::timestamp),
(87, 'ONE', 87, '', '2024-07-04 23:00:00'::timestamp, '2024-07-04 23:00:00'::timestamp),
(88, 'AOM', 88, '', '2024-07-05 09:00:00'::timestamp, '2024-07-05 09:00:00'::timestamp),
(89, 'CARE', 89, '', '2024-07-05 10:00:00'::timestamp, '2024-07-05 10:00:00'::timestamp),
(90, 'ONE', 90, '', '2024-07-05 11:00:00'::timestamp, '2024-07-05 11:00:00'::timestamp),
(91, 'AOM', 91, '', '2024-07-05 12:00:00'::timestamp, '2024-07-05 12:00:00'::timestamp),
(92, 'CARE', 92, '', '2024-07-05 13:00:00'::timestamp, '2024-07-05 13:00:00'::timestamp),
(93, 'ONE', 93, '', '2024-07-05 14:00:00'::timestamp, '2024-07-05 14:00:00'::timestamp),
(94, 'AOM', 94, '', '2024-07-05 15:00:00'::timestamp, '2024-07-05 15:00:00'::timestamp),
(95, 'CARE', 95, '', '2024-07-05 16:00:00'::timestamp, '2024-07-05 16:00:00'::timestamp),
(96, 'ONE', 96, '', '2024-07-05 17:00:00'::timestamp, '2024-07-05 17:00:00'::timestamp),
(97, 'AOM', 97, '', '2024-07-05 18:00:00'::timestamp, '2024-07-05 18:00:00'::timestamp),
(98, 'CARE', 98, '', '2024-07-05 19:00:00'::timestamp, '2024-07-05 19:00:00'::timestamp),
(99, 'ONE', 99, '', '2024-07-05 20:00:00'::timestamp, '2024-07-05 20:00:00'::timestamp),
(100, 'AOM', 100, '', '2024-07-05 21:00:00'::timestamp, '2024-07-05 21:00:00'::timestamp),
(101, 'CARE', 101, '', '2024-07-05 22:00:00'::timestamp, '2024-07-05 22:00:00'::timestamp),
(102, 'ONE', 102, '', '2024-07-05 23:00:00'::timestamp, '2024-07-05 23:00:00'::timestamp),
(103, 'AOM', 103, '', '2024-07-06 09:00:00'::timestamp, '2024-07-06 09:00:00'::timestamp),
(104, 'CARE', 104, '', '2024-07-06 10:00:00'::timestamp, '2024-07-06 10:00:00'::timestamp),
(105, 'ONE', 105, '', '2024-07-06 11:00:00'::timestamp, '2024-07-06 11:00:00'::timestamp),
(106, 'AOM', 106, '', '2024-07-06 12:00:00'::timestamp, '2024-07-06 12:00:00'::timestamp),
(107, 'CARE', 107, '', '2024-07-06 13:00:00'::timestamp, '2024-07-06 13:00:00'::timestamp),
(108, 'ONE', 108, '', '2024-07-06 14:00:00'::timestamp, '2024-07-06 14:00:00'::timestamp),
(109, 'AOM', 109, '', '2024-07-06 15:00:00'::timestamp, '2024-07-06 15:00:00'::timestamp),
(110, 'CARE', 110, '', '2024-07-06 16:00:00'::timestamp, '2024-07-06 16:00:00'::timestamp),
(111, 'ONE', 111, '', '2024-07-06 17:00:00'::timestamp, '2024-07-06 17:00:00'::timestamp),
(112, 'AOM', 112, '', '2024-07-06 18:00:00'::timestamp, '2024-07-06 18:00:00'::timestamp),
(113, 'CARE', 113, '', '2024-07-06 19:00:00'::timestamp, '2024-07-06 19:00:00'::timestamp),
(114, 'ONE', 114, '', '2024-07-06 20:00:00'::timestamp, '2024-07-06 20:00:00'::timestamp),
(115, 'AOM', 115, '', '2024-07-06 21:00:00'::timestamp, '2024-07-06 21:00:00'::timestamp),
(116, 'CARE', 116, '', '2024-07-06 22:00:00'::timestamp, '2024-07-06 22:00:00'::timestamp),
(117, 'ONE', 117, '', '2024-07-06 23:00:00'::timestamp, '2024-07-06 23:00:00'::timestamp),
(118, 'AOM', 118, '', '2024-07-07 09:00:00'::timestamp, '2024-07-07 09:00:00'::timestamp),
(119, 'CARE', 119, '', '2024-07-07 10:00:00'::timestamp, '2024-07-07 10:00:00'::timestamp),
(120, 'ONE', 120, '', '2024-07-07 11:00:00'::timestamp, '2024-07-07 11:00:00'::timestamp);