
INSERT INTO members (name, email, role, profile_img_url, social_type, social_id, created_at, modified_at)
SELECT 'User', 'user@example.com', 'USER', 'https://github.com/mobi-projects/nail-case-server/assets/96242198/5c306514-6a10-4887-98cf-6e897a2f063c', 'KAKAO', '3588226794', CURRENT_TIMESTAMP, CURRENT_TIMESTAMP WHERE NOT EXISTS (SELECT 1 FROM members WHERE email = 'user@example.com');


INSERT INTO members (name, email, role, profile_img_url, social_type, social_id, created_at, modified_at)
SELECT 'Owner', 'owner@example.com', 'OWNER', 'https://github.com/mobi-projects/nail-case-server/assets/96242198/5c306514-6a10-4887-98cf-6e897a2f063c', 'KAKAO', '3588226794', CURRENT_TIMESTAMP, CURRENT_TIMESTAMP WHERE NOT EXISTS (SELECT 1 FROM members WHERE email = 'admin@example.com');

INSERT INTO shops (shop_name, phone, available_seat,address,overview, created_at, modified_at, owner_id)
SELECT '모비네일 강남점', '01012341234', 8,'서울 강남구 봉은사로6길 29 1층 102호','매달 네일 오마카세를 제공하는 디자인 맛집 모비네일 \n
현재 당일 예약 가능합니다', CURRENT_TIMESTAMP, CURRENT_TIMESTAMP, m.member_id
FROM members m WHERE m.email = 'owner@example.com' AND NOT EXISTS (SELECT 1 FROM shops s WHERE s.shop_name = '모비네일 강남점');

INSERT INTO shop_info (shop_id, created_at, modified_at)
VALUES (1, CURRENT_TIMESTAMP, CURRENT_TIMESTAMP);

-- 월요일부터 일요일까지의 WorkHour 데이터 삽입
INSERT INTO work_hours (shop_id, day_of_week, is_open, open_time, close_time, created_at, modified_at)
VALUES
(1, 1, true, '09:00:00', '22:00:00', CURRENT_TIMESTAMP, CURRENT_TIMESTAMP),
(1, 2, true, '09:00:00', '22:00:00', CURRENT_TIMESTAMP, CURRENT_TIMESTAMP),
(1, 3, true, '09:00:00', '22:00:00', CURRENT_TIMESTAMP, CURRENT_TIMESTAMP),
(1, 4, true, '09:00:00', '22:00:00', CURRENT_TIMESTAMP, CURRENT_TIMESTAMP),
(1, 5, true, '09:00:00', '22:00:00', CURRENT_TIMESTAMP, CURRENT_TIMESTAMP),
(1, 6, true, '10:00:00', '22:00:00', CURRENT_TIMESTAMP, CURRENT_TIMESTAMP),
(1, 7, false, '10:00:00', '22:00:00', CURRENT_TIMESTAMP, CURRENT_TIMESTAMP);


-- 예약(reservations) 데이터 삽입
INSERT INTO reservations (reservation_id, shop_id, member_id, created_at, modified_at)
VALUES
(1, 1, 1, '2024-06-27 11:00:00'::timestamp, '2024-06-27 11:00:00'::timestamp),
(2, 1, 1, '2024-06-27 12:00:00'::timestamp, '2024-06-27 12:00:00'::timestamp),
(3, 1, 1, '2024-06-27 15:00:00'::timestamp, '2024-06-27 15:00:00'::timestamp),
(4, 1, 1, '2024-06-27 15:00:00'::timestamp, '2024-06-27 15:00:00'::timestamp),
(5, 1, 1, '2024-06-27 16:00:00'::timestamp, '2024-06-27 16:00:00'::timestamp),
(6, 1, 1, '2024-06-27 17:00:00'::timestamp, '2024-06-27 17:00:00'::timestamp),
(7, 1, 1, '2024-06-27 18:00:00'::timestamp, '2024-06-27 18:00:00'::timestamp),
(8, 1, 1, '2024-06-27 19:00:00'::timestamp, '2024-06-27 19:00:00'::timestamp),
(9, 1, 1, '2024-06-28 20:00:00'::timestamp, '2024-06-28 20:00:00'::timestamp),
(10, 1, 1, '2024-06-28 20:00:00'::timestamp, '2024-06-28 20:00:00'::timestamp),
(11, 1, 1, '2024-06-28 22:00:00'::timestamp, '2024-06-28 22:00:00'::timestamp),
(12, 1, 1, '2024-06-29 20:00:00'::timestamp, '2024-06-29 20:00:00'::timestamp),
(13, 1, 1, '2024-06-30 10:00:00'::timestamp, '2024-06-30 10:00:00'::timestamp),
(14, 1, 1, '2024-06-30 11:00:00'::timestamp, '2024-06-30 11:00:00'::timestamp),
(15, 1, 1, '2024-06-30 12:00:00'::timestamp, '2024-06-30 12:00:00'::timestamp),
(16, 1, 1, '2024-06-30 13:00:00'::timestamp, '2024-06-30 13:00:00'::timestamp),
(17, 1, 1, '2024-06-30 14:00:00'::timestamp, '2024-06-30 14:00:00'::timestamp),
(18, 1, 1, '2024-06-30 15:00:00'::timestamp, '2024-06-30 15:00:00'::timestamp),
(19, 1, 1, '2024-06-30 16:00:00'::timestamp, '2024-06-30 16:00:00'::timestamp),
(20, 1, 1, '2024-06-30 17:00:00'::timestamp, '2024-06-30 17:00:00'::timestamp),
(21, 1, 1, '2024-06-30 18:00:00'::timestamp, '2024-06-30 18:00:00'::timestamp),
(22, 1, 1, '2024-06-30 19:00:00'::timestamp, '2024-06-30 19:00:00'::timestamp),
(23, 1, 1, '2024-07-01 10:00:00'::timestamp, '2024-07-01 10:00:00'::timestamp),
(24, 1, 1, '2024-07-01 11:00:00'::timestamp, '2024-07-01 11:00:00'::timestamp),
(25, 1, 1, '2024-07-01 12:00:00'::timestamp, '2024-07-01 12:00:00'::timestamp),
(26, 1, 1, '2024-07-01 13:00:00'::timestamp, '2024-07-01 13:00:00'::timestamp),
(27, 1, 1, '2024-07-01 14:00:00'::timestamp, '2024-07-01 14:00:00'::timestamp),
(28, 1, 1, '2024-07-01 15:00:00'::timestamp, '2024-07-01 15:00:00'::timestamp),
(29, 1, 1, '2024-07-01 16:00:00'::timestamp, '2024-07-01 16:00:00'::timestamp),
(30, 1, 1, '2024-07-01 17:00:00'::timestamp, '2024-07-01 17:00:00'::timestamp),
(31, 1, 1, '2024-07-01 18:00:00'::timestamp, '2024-07-01 18:00:00'::timestamp),
(32, 1, 1, '2024-07-01 19:00:00'::timestamp, '2024-07-01 19:00:00'::timestamp),
(33, 1, 1, '2024-07-02 10:00:00'::timestamp, '2024-07-02 10:00:00'::timestamp),
(34, 1, 1, '2024-07-02 11:00:00'::timestamp, '2024-07-02 11:00:00'::timestamp),
(35, 1, 1, '2024-07-02 12:00:00'::timestamp, '2024-07-02 12:00:00'::timestamp),
(36, 1, 1, '2024-07-02 13:00:00'::timestamp, '2024-07-02 13:00:00'::timestamp),
(37, 1, 1, '2024-07-02 14:00:00'::timestamp, '2024-07-02 14:00:00'::timestamp),
(38, 1, 1, '2024-07-02 15:00:00'::timestamp, '2024-07-02 15:00:00'::timestamp),
(39, 1, 1, '2024-07-02 16:00:00'::timestamp, '2024-07-02 16:00:00'::timestamp),
(40, 1, 1, '2024-07-02 17:00:00'::timestamp, '2024-07-02 17:00:00'::timestamp),
(41, 1, 1, '2024-07-02 18:00:00'::timestamp, '2024-07-02 18:00:00'::timestamp),
(42, 1, 1, '2024-07-02 19:00:00'::timestamp, '2024-07-02 19:00:00'::timestamp),
(43, 1, 1, '2024-07-03 10:00:00'::timestamp, '2024-07-03 10:00:00'::timestamp),
(44, 1, 1, '2024-07-03 11:00:00'::timestamp, '2024-07-03 11:00:00'::timestamp),
(45, 1, 1, '2024-07-03 12:00:00'::timestamp, '2024-07-03 12:00:00'::timestamp),
(46, 1, 1, '2024-07-03 13:00:00'::timestamp, '2024-07-03 13:00:00'::timestamp),
(47, 1, 1, '2024-07-03 14:00:00'::timestamp, '2024-07-03 14:00:00'::timestamp),
(48, 1, 1, '2024-07-03 15:00:00'::timestamp, '2024-07-03 15:00:00'::timestamp),
(49, 1, 1, '2024-07-03 16:00:00'::timestamp, '2024-07-03 16:00:00'::timestamp),
(50, 1, 1, '2024-07-03 17:00:00'::timestamp, '2024-07-03 17:00:00'::timestamp),
(51, 1, 1, '2024-07-03 18:00:00'::timestamp, '2024-07-03 18:00:00'::timestamp),
(52, 1, 1, '2024-07-03 19:00:00'::timestamp, '2024-07-03 19:00:00'::timestamp),
(53, 1, 1, '2024-07-04 10:00:00'::timestamp, '2024-07-04 10:00:00'::timestamp),
(54, 1, 1, '2024-07-04 11:00:00'::timestamp, '2024-07-04 11:00:00'::timestamp),
(55, 1, 1, '2024-07-04 12:00:00'::timestamp, '2024-07-04 12:00:00'::timestamp),
(56, 1, 1, '2024-07-04 13:00:00'::timestamp, '2024-07-04 13:00:00'::timestamp),
(57, 1, 1, '2024-07-04 14:00:00'::timestamp, '2024-07-04 14:00:00'::timestamp),
(58, 1, 1, '2024-07-04 15:00:00'::timestamp, '2024-07-04 15:00:00'::timestamp),
(59, 1, 1, '2024-07-04 16:00:00'::timestamp, '2024-07-04 16:00:00'::timestamp),
(60, 1, 1, '2024-07-04 17:00:00'::timestamp, '2024-07-04 17:00:00'::timestamp),
(61, 1, 1, '2024-07-04 18:00:00'::timestamp, '2024-07-04 18:00:00'::timestamp),
(62, 1, 1, '2024-07-04 19:00:00'::timestamp, '2024-07-04 19:00:00'::timestamp),
(63, 1, 1, '2024-07-05 10:00:00'::timestamp, '2024-07-05 10:00:00'::timestamp),
(64, 1, 1, '2024-07-05 11:00:00'::timestamp, '2024-07-05 11:00:00'::timestamp),
(65, 1, 1, '2024-07-05 12:00:00'::timestamp, '2024-07-05 12:00:00'::timestamp),
(66, 1, 1, '2024-07-05 13:00:00'::timestamp, '2024-07-05 13:00:00'::timestamp),
(67, 1, 1, '2024-07-05 14:00:00'::timestamp, '2024-07-05 14:00:00'::timestamp),
(68, 1, 1, '2024-07-05 15:00:00'::timestamp, '2024-07-05 15:00:00'::timestamp),
(69, 1, 1, '2024-07-05 16:00:00'::timestamp, '2024-07-05 16:00:00'::timestamp),
(70, 1, 1, '2024-07-05 17:00:00'::timestamp, '2024-07-05 17:00:00'::timestamp),
(71, 1, 1, '2024-07-05 18:00:00'::timestamp, '2024-07-05 18:00:00'::timestamp),
(72, 1, 1, '2024-07-05 19:00:00'::timestamp, '2024-07-05 19:00:00'::timestamp),
(73, 1, 1, '2024-07-06 10:00:00'::timestamp, '2024-07-06 10:00:00'::timestamp),
(74, 1, 1, '2024-07-06 11:00:00'::timestamp, '2024-07-06 11:00:00'::timestamp),
(75, 1, 1, '2024-07-06 12:00:00'::timestamp, '2024-07-06 12:00:00'::timestamp),
(76, 1, 1, '2024-07-06 13:00:00'::timestamp, '2024-07-06 13:00:00'::timestamp),
(77, 1, 1, '2024-07-06 14:00:00'::timestamp, '2024-07-06 14:00:00'::timestamp),
(78, 1, 1, '2024-07-06 15:00:00'::timestamp, '2024-07-06 15:00:00'::timestamp),
(79, 1, 1, '2024-07-06 16:00:00'::timestamp, '2024-07-06 16:00:00'::timestamp),
(80, 1, 1, '2024-07-06 17:00:00'::timestamp, '2024-07-06 17:00:00'::timestamp),
(81, 1, 1, '2024-07-06 18:00:00'::timestamp, '2024-07-06 18:00:00'::timestamp),
(82, 1, 1, '2024-07-06 19:00:00'::timestamp, '2024-07-06 19:00:00'::timestamp),
(83, 1, 1, '2024-07-07 10:00:00'::timestamp, '2024-07-07 10:00:00'::timestamp),
(84, 1, 1, '2024-07-07 11:00:00'::timestamp, '2024-07-07 11:00:00'::timestamp),
(85, 1, 1, '2024-07-07 12:00:00'::timestamp, '2024-07-07 12:00:00'::timestamp),
(86, 1, 1, '2024-07-07 13:00:00'::timestamp, '2024-07-07 13:00:00'::timestamp),
(87, 1, 1, '2024-07-07 14:00:00'::timestamp, '2024-07-07 14:00:00'::timestamp),
(88, 1, 1, '2024-07-07 15:00:00'::timestamp, '2024-07-07 15:00:00'::timestamp),
(89, 1, 1, '2024-07-07 16:00:00'::timestamp, '2024-07-07 16:00:00'::timestamp),
(90, 1, 1, '2024-07-07 17:00:00'::timestamp, '2024-07-07 17:00:00'::timestamp),
(91, 1, 1, '2024-07-07 18:00:00'::timestamp, '2024-07-07 18:00:00'::timestamp),
(92, 1, 1, '2024-07-07 19:00:00'::timestamp, '2024-07-07 19:00:00'::timestamp),
(93, 1, 1, '2024-07-08 10:00:00'::timestamp, '2024-07-08 10:00:00'::timestamp),
(94, 1, 1, '2024-07-08 11:00:00'::timestamp, '2024-07-08 11:00:00'::timestamp),
(95, 1, 1, '2024-07-08 12:00:00'::timestamp, '2024-07-08 12:00:00'::timestamp),
(96, 1, 1, '2024-07-08 13:00:00'::timestamp, '2024-07-08 13:00:00'::timestamp),
(97, 1, 1, '2024-07-08 14:00:00'::timestamp, '2024-07-08 14:00:00'::timestamp),
(98, 1, 1, '2024-07-08 15:00:00'::timestamp, '2024-07-08 15:00:00'::timestamp),
(99, 1, 1, '2024-07-08 16:00:00'::timestamp, '2024-07-08 16:00:00'::timestamp),
(100, 1, 1, '2024-07-08 17:00:00'::timestamp, '2024-07-08 17:00:00'::timestamp),
(101, 1, 1, '2024-07-08 18:00:00'::timestamp, '2024-07-08 18:00:00'::timestamp),
(102, 1, 1, '2024-07-08 19:00:00'::timestamp, '2024-07-08 19:00:00'::timestamp),
(103, 1, 1, '2024-07-09 10:00:00'::timestamp, '2024-07-09 10:00:00'::timestamp),
(104, 1, 1, '2024-07-09 11:00:00'::timestamp, '2024-07-09 11:00:00'::timestamp),
(105, 1, 1, '2024-07-09 12:00:00'::timestamp, '2024-07-09 12:00:00'::timestamp),
(106, 1, 1, '2024-07-09 13:00:00'::timestamp, '2024-07-09 13:00:00'::timestamp),
(107, 1, 1, '2024-07-09 14:00:00'::timestamp, '2024-07-09 14:00:00'::timestamp),
(108, 1, 1, '2024-07-09 15:00:00'::timestamp, '2024-07-09 15:00:00'::timestamp),
(109, 1, 1, '2024-07-09 16:00:00'::timestamp, '2024-07-09 16:00:00'::timestamp),
(110, 1, 1, '2024-07-09 17:00:00'::timestamp, '2024-07-09 17:00:00'::timestamp),
(111, 1, 1, '2024-07-09 18:00:00'::timestamp, '2024-07-09 18:00:00'::timestamp),
(112, 1, 1, '2024-07-09 19:00:00'::timestamp, '2024-07-09 19:00:00'::timestamp),
(113, 1, 1, '2024-07-10 10:00:00'::timestamp, '2024-07-10 10:00:00'::timestamp),
(114, 1, 1, '2024-07-10 11:00:00'::timestamp, '2024-07-10 11:00:00'::timestamp),
(115, 1, 1, '2024-07-10 12:00:00'::timestamp, '2024-07-10 12:00:00'::timestamp),
(116, 1, 1, '2024-07-10 13:00:00'::timestamp, '2024-07-10 13:00:00'::timestamp),
(117, 1, 1, '2024-07-10 14:00:00'::timestamp, '2024-07-10 14:00:00'::timestamp),
(118, 1, 1, '2024-07-10 15:00:00'::timestamp, '2024-07-10 15:00:00'::timestamp),
(119, 1, 1, '2024-07-10 16:00:00'::timestamp, '2024-07-10 16:00:00'::timestamp),
(120, 1, 1, '2024-07-10 17:00:00'::timestamp, '2024-07-10 17:00:00'::timestamp);


-- 처리 정보 삽입
INSERT INTO reservation_details (reservation_detail_id,reservation_id, status, remove, start_time, end_time, created_at, modified_at, extend) VALUES
(1, 1,'CONFIRMED', 'IN_SHOP', '2024-06-26 11:00:00'::timestamp, '2024-06-26 13:00:00'::timestamp, '2024-06-25 11:00:00'::timestamp, '2024-06-25 11:00:00'::timestamp, false),
(2, 2,'CONFIRMED', 'ELSE_WHERE', '2024-06-26 14:00:00'::timestamp, '2024-06-26 16:00:00'::timestamp, '2024-06-25 12:00:00'::timestamp, '2024-06-25 12:00:00'::timestamp, false),
(3, 3,'PENDING', 'ELSE_WHERE', '2024-06-27 09:00:00'::timestamp, '2024-06-27 11:00:00'::timestamp, '2024-06-26 15:00:00'::timestamp, '2024-06-26 15:00:00'::timestamp, false),
(4, 4,'CONFIRMED', 'NO_NEED', '2024-06-27 13:00:00'::timestamp, '2024-06-27 14:00:00'::timestamp, '2024-06-26 15:00:00'::timestamp, '2024-06-26 15:00:00'::timestamp, true),
(5, 5,'CANCELED', 'NO_NEED', '2024-06-27 15:00:00'::timestamp, '2024-06-27 16:00:00'::timestamp, '2024-06-26 16:00:00'::timestamp, '2024-06-26 16:00:00'::timestamp, false),
(6, 6,'PENDING', 'IN_SHOP', '2024-06-28 10:00:00'::timestamp, '2024-06-28 11:00:00'::timestamp, '2024-06-27 17:00:00'::timestamp, '2024-06-27 17:00:00'::timestamp, true),
(7, 7,'PENDING', 'IN_SHOP', '2024-06-28 14:00:00'::timestamp, '2024-06-28 15:00:00'::timestamp, '2024-06-27 18:00:00'::timestamp, '2024-06-27 18:00:00'::timestamp, false),
(8, 8,'CONFIRMED', 'NO_NEED', '2024-06-29 09:00:00'::timestamp, '2024-06-29 11:00:00'::timestamp, '2024-06-28 19:00:00'::timestamp, '2024-06-28 19:00:00'::timestamp, false),
(9, 9,'CONFIRMED', 'IN_SHOP', '2024-06-29 13:00:00'::timestamp, '2024-06-29 14:00:00'::timestamp, '2024-06-28 20:00:00'::timestamp, '2024-06-28 20:00:00'::timestamp, true),
(10, 10,'REJECTED', 'NO_NEED', '2024-06-29 16:00:00'::timestamp, '2024-06-29 18:00:00'::timestamp, '2024-06-28 21:00:00'::timestamp, '2024-06-28 21:00:00'::timestamp, false),
(11, 11,'CONFIRMED', 'IN_SHOP', '2024-06-30 10:00:00'::timestamp, '2024-06-30 12:00:00'::timestamp, '2024-06-29 22:00:00'::timestamp, '2024-06-29 22:00:00'::timestamp, false),
(12, 12,'CONFIRMED', 'IN_SHOP', '2024-06-30 14:00:00'::timestamp, '2024-06-30 16:00:00'::timestamp, '2024-06-29 23:00:00'::timestamp, '2024-06-29 23:00:00'::timestamp, false),
(13, 13,'REJECTED', 'IN_SHOP', '2024-06-30 10:00:00'::timestamp, '2024-06-30 11:00:00'::timestamp, '2024-06-29 23:00:00'::timestamp, '2024-06-29 23:00:00'::timestamp, false),
(14, 14,'PENDING', 'NO_NEED', '2024-06-30 11:00:00'::timestamp, '2024-06-30 12:00:00'::timestamp, '2024-06-29 23:00:00'::timestamp, '2024-06-29 23:00:00'::timestamp, true),
(15, 15,'CANCELED', 'IN_SHOP', '2024-06-30 14:00:00'::timestamp, '2024-06-30 15:00:00'::timestamp, '2024-06-29 23:00:00'::timestamp, '2024-06-29 23:00:00'::timestamp, false),
(16, 16,'PENDING', 'IN_SHOP', '2024-07-01 10:00:00'::timestamp, '2024-07-01 11:00:00'::timestamp, '2024-06-29 23:00:00'::timestamp, '2024-06-29 23:00:00'::timestamp, false),
(17, 17,'CONFIRMED', 'NO_NEED', '2024-07-01 16:00:00'::timestamp, '2024-07-01 17:00:00'::timestamp, '2024-06-29 23:00:00'::timestamp, '2024-06-29 23:00:00'::timestamp, false),
(18, 18,'PENDING', 'ELSE_WHERE', '2024-07-01 16:00:00'::timestamp, '2024-07-01 17:00:00'::timestamp, '2024-06-29 23:00:00'::timestamp, '2024-06-29 23:00:00'::timestamp, false),
(19, 19,'CONFIRMED', 'ELSE_WHERE', '2024-07-02 10:00:00'::timestamp, '2024-07-02 11:00:00'::timestamp, '2024-06-29 23:00:00'::timestamp, '2024-06-29 23:00:00'::timestamp, false),
(20, 20,'PENDING', 'ELSE_WHERE', '2024-07-02 12:00:00'::timestamp, '2024-07-02 13:00:00'::timestamp, '2024-06-29 23:00:00'::timestamp, '2024-06-29 23:00:00'::timestamp, true),
(21, 21,'CONFIRMED', 'IN_SHOP', '2024-07-02 15:00:00'::timestamp, '2024-07-02 16:00:00'::timestamp, '2024-06-29 23:00:00'::timestamp, '2024-06-29 23:00:00'::timestamp, true),
(22, 22,'PENDING', 'NO_NEED', '2024-07-02 17:00:00'::timestamp, '2024-07-02 18:00:00'::timestamp, '2024-06-29 23:00:00'::timestamp, '2024-06-29 23:00:00'::timestamp, false),
(23, 23,'PENDING', 'IN_SHOP', '2024-07-03 10:00:00'::timestamp, '2024-07-03 11:00:00'::timestamp, '2024-06-29 23:00:00'::timestamp, '2024-06-29 23:00:00'::timestamp, false),
(24, 24,'CONFIRMED', 'NO_NEED', '2024-07-03 14:00:00'::timestamp, '2024-07-03 15:00:00'::timestamp, '2024-06-29 23:00:00'::timestamp, '2024-06-29 23:00:00'::timestamp, false),
(25, 25,'PENDING', 'ELSE_WHERE', '2024-07-04 10:00:00'::timestamp, '2024-07-04 11:00:00'::timestamp, '2024-06-29 23:00:00'::timestamp, '2024-06-29 23:00:00'::timestamp, false),
(26, 26,'CONFIRMED', 'ELSE_WHERE', '2024-07-04 13:00:00'::timestamp, '2024-07-04 14:00:00'::timestamp, '2024-06-29 23:00:00'::timestamp, '2024-06-29 23:00:00'::timestamp, false),
(27, 27,'PENDING', 'ELSE_WHERE', '2024-07-04 16:00:00'::timestamp, '2024-07-04 17:00:00'::timestamp, '2024-06-29 23:00:00'::timestamp, '2024-06-29 23:00:00'::timestamp, false),
(28, 28,'CONFIRMED', 'IN_SHOP', '2024-07-05 10:00:00'::timestamp, '2024-07-05 11:00:00'::timestamp, '2024-06-29 23:00:00'::timestamp, '2024-06-29 23:00:00'::timestamp, false),
(29, 29,'PENDING', 'NO_NEED', '2024-07-05 12:00:00'::timestamp, '2024-07-05 13:00:00'::timestamp, '2024-06-29 23:00:00'::timestamp, '2024-06-29 23:00:00'::timestamp, true),
(30, 30,'CONFIRMED', 'ELSE_WHERE', '2024-07-05 15:00:00'::timestamp, '2024-07-05 16:00:00'::timestamp, '2024-06-29 23:00:00'::timestamp, '2024-06-29 23:00:00'::timestamp, true),
(31, 31,'PENDING', 'ELSE_WHERE', '2024-07-06 11:00:00'::timestamp, '2024-07-06 12:00:00'::timestamp, '2024-06-29 23:00:00'::timestamp, '2024-06-29 23:00:00'::timestamp, false),
(32, 32,'CONFIRMED', 'IN_SHOP', '2024-07-06 14:00:00'::timestamp, '2024-07-06 15:00:00'::timestamp, '2024-06-29 23:00:00'::timestamp, '2024-06-29 23:00:00'::timestamp, false),
(33, 33,'PENDING', 'NO_NEED', '2024-07-07 12:00:00'::timestamp, '2024-07-07 13:00:00'::timestamp, '2024-06-29 23:00:00'::timestamp, '2024-06-29 23:00:00'::timestamp, false),
(34, 34,'PENDING', 'IN_SHOP', '2024-07-07 15:00:00'::timestamp, '2024-07-07 16:00:00'::timestamp, '2024-06-29 23:00:00'::timestamp, '2024-06-29 23:00:00'::timestamp, true),
(35, 35,'CONFIRMED', 'NO_NEED', '2024-07-07 10:00:00'::timestamp, '2024-07-07 11:00:00'::timestamp, '2024-06-29 23:00:00'::timestamp, '2024-06-29 23:00:00'::timestamp, false),
(36, 36,'PENDING', 'ELSE_WHERE', '2024-07-07 14:00:00'::timestamp, '2024-07-07 15:00:00'::timestamp, '2024-06-29 23:00:00'::timestamp, '2024-06-29 23:00:00'::timestamp, true),
(37, 37,'CONFIRMED', 'ELSE_WHERE', '2024-07-08 10:00:00'::timestamp, '2024-07-08 11:00:00'::timestamp, '2024-06-29 23:00:00'::timestamp, '2024-06-29 23:00:00'::timestamp, false),
(38, 38,'PENDING', 'ELSE_WHERE', '2024-07-08 12:00:00'::timestamp, '2024-07-08 13:00:00'::timestamp, '2024-06-29 23:00:00'::timestamp, '2024-06-29 23:00:00'::timestamp, false),
(39, 39,'CONFIRMED', 'IN_SHOP', '2024-07-08 15:00:00'::timestamp, '2024-07-08 16:00:00'::timestamp, '2024-06-29 23:00:00'::timestamp, '2024-06-29 23:00:00'::timestamp, true),
(40, 40,'PENDING', 'NO_NEED', '2024-07-09 10:00:00'::timestamp, '2024-07-09 11:00:00'::timestamp, '2024-06-29 23:00:00'::timestamp, '2024-06-29 23:00:00'::timestamp, false),
(41, 41,'PENDING', 'IN_SHOP', '2024-07-09 13:00:00'::timestamp, '2024-07-09 14:00:00'::timestamp, '2024-06-29 23:00:00'::timestamp, '2024-06-29 23:00:00'::timestamp, false),
(42, 42,'CONFIRMED', 'NO_NEED', '2024-07-09 16:00:00'::timestamp, '2024-07-09 17:00:00'::timestamp, '2024-06-29 23:00:00'::timestamp, '2024-06-29 23:00:00'::timestamp, false),
(43, 43,'PENDING', 'ELSE_WHERE', '2024-07-10 10:00:00'::timestamp, '2024-07-10 11:00:00'::timestamp, '2024-06-29 23:00:00'::timestamp, '2024-06-29 23:00:00'::timestamp, false),
(44, 44,'CONFIRMED', 'ELSE_WHERE', '2024-07-10 13:00:00'::timestamp, '2024-07-10 14:00:00'::timestamp, '2024-06-29 23:00:00'::timestamp, '2024-06-29 23:00:00'::timestamp, true),
(45, 45,'PENDING', 'ELSE_WHERE', '2024-07-10 16:00:00'::timestamp, '2024-07-10 17:00:00'::timestamp, '2024-06-29 23:00:00'::timestamp, '2024-06-29 23:00:00'::timestamp, false),
(46, 46,'CONFIRMED', 'IN_SHOP', '2024-07-11 10:00:00'::timestamp, '2024-07-11 11:00:00'::timestamp, '2024-06-29 23:00:00'::timestamp, '2024-06-29 23:00:00'::timestamp, true),
(47, 47,'PENDING', 'NO_NEED', '2024-07-11 12:00:00'::timestamp, '2024-07-11 13:00:00'::timestamp, '2024-06-29 23:00:00'::timestamp, '2024-06-29 23:00:00'::timestamp, false),
(48, 48,'CONFIRMED', 'ELSE_WHERE', '2024-07-11 15:00:00'::timestamp, '2024-07-11 16:00:00'::timestamp, '2024-06-29 23:00:00'::timestamp, '2024-06-29 23:00:00'::timestamp, true),
(49, 49,'PENDING', 'ELSE_WHERE', '2024-07-11 17:00:00'::timestamp, '2024-07-11 18:00:00'::timestamp, '2024-06-29 23:00:00'::timestamp, '2024-06-29 23:00:00'::timestamp, false),
(50, 50,'CONFIRMED', 'IN_SHOP', '2024-07-12 10:00:00'::timestamp, '2024-07-12 11:00:00'::timestamp, '2024-06-29 23:00:00'::timestamp, '2024-06-29 23:00:00'::timestamp, false),
(51, 51,'PENDING', 'NO_NEED', '2024-07-12 12:00:00'::timestamp, '2024-07-12 13:00:00'::timestamp, '2024-06-29 23:00:00'::timestamp, '2024-06-29 23:00:00'::timestamp, false),
(52, 52,'PENDING', 'IN_SHOP', '2024-07-12 14:00:00'::timestamp, '2024-07-12 15:00:00'::timestamp, '2024-06-29 23:00:00'::timestamp, '2024-06-29 23:00:00'::timestamp, false),
(53, 53,'CONFIRMED', 'NO_NEED', '2024-07-12 16:00:00'::timestamp, '2024-07-12 17:00:00'::timestamp, '2024-06-29 23:00:00'::timestamp, '2024-06-29 23:00:00'::timestamp, false),
(54, 54,'PENDING', 'ELSE_WHERE', '2024-07-13 10:00:00'::timestamp, '2024-07-13 11:00:00'::timestamp, '2024-06-29 23:00:00'::timestamp, '2024-06-29 23:00:00'::timestamp, false),
(55, 55,'CONFIRMED', 'ELSE_WHERE', '2024-07-13 13:00:00'::timestamp, '2024-07-13 14:00:00'::timestamp, '2024-06-29 23:00:00'::timestamp, '2024-06-29 23:00:00'::timestamp, false),
(56, 56,'PENDING', 'ELSE_WHERE', '2024-07-13 16:00:00'::timestamp, '2024-07-13 17:00:00'::timestamp, '2024-06-29 23:00:00'::timestamp, '2024-06-29 23:00:00'::timestamp, false),
(57, 57,'CONFIRMED', 'IN_SHOP', '2024-07-14 10:00:00'::timestamp, '2024-07-14 11:00:00'::timestamp, '2024-06-29 23:00:00'::timestamp, '2024-06-29 23:00:00'::timestamp, false),
(58, 58,'PENDING', 'NO_NEED', '2024-07-14 12:00:00'::timestamp, '2024-07-14 13:00:00'::timestamp, '2024-06-29 23:00:00'::timestamp, '2024-06-29 23:00:00'::timestamp, true),
(59, 59,'PENDING', 'IN_SHOP', '2024-07-14 14:00:00'::timestamp, '2024-07-14 15:00:00'::timestamp, '2024-06-29 23:00:00'::timestamp, '2024-06-29 23:00:00'::timestamp, true),
(60, 60,'CONFIRMED', 'NO_NEED', '2024-07-14 16:00:00'::timestamp, '2024-07-14 17:00:00'::timestamp, '2024-06-29 23:00:00'::timestamp, '2024-06-29 23:00:00'::timestamp, true),
(61, 61,'PENDING', 'ELSE_WHERE', '2024-07-15 10:00:00'::timestamp, '2024-07-15 11:00:00'::timestamp, '2024-06-29 23:00:00'::timestamp, '2024-06-29 23:00:00'::timestamp, true),
(62, 62,'CONFIRMED', 'ELSE_WHERE', '2024-07-15 13:00:00'::timestamp, '2024-07-15 14:00:00'::timestamp, '2024-06-29 23:00:00'::timestamp, '2024-06-29 23:00:00'::timestamp, true),
(63, 63,'PENDING', 'ELSE_WHERE', '2024-07-15 16:00:00'::timestamp, '2024-07-15 17:00:00'::timestamp, '2024-06-29 23:00:00'::timestamp, '2024-06-29 23:00:00'::timestamp, false),
(64, 64,'CONFIRMED', 'IN_SHOP', '2024-07-16 10:00:00'::timestamp, '2024-07-16 11:00:00'::timestamp, '2024-06-29 23:00:00'::timestamp, '2024-06-29 23:00:00'::timestamp, false),
(65, 65,'PENDING', 'NO_NEED', '2024-07-16 12:00:00'::timestamp, '2024-07-16 13:00:00'::timestamp, '2024-06-29 23:00:00'::timestamp, '2024-06-29 23:00:00'::timestamp, false),
(66, 66,'PENDING', 'IN_SHOP', '2024-07-16 14:00:00'::timestamp, '2024-07-16 15:00:00'::timestamp, '2024-06-29 23:00:00'::timestamp, '2024-06-29 23:00:00'::timestamp, false),
(67, 67,'CONFIRMED', 'NO_NEED', '2024-07-16 16:00:00'::timestamp, '2024-07-16 17:00:00'::timestamp, '2024-06-29 23:00:00'::timestamp, '2024-06-29 23:00:00'::timestamp, true),
(68, 68,'PENDING', 'ELSE_WHERE', '2024-07-17 10:00:00'::timestamp, '2024-07-17 11:00:00'::timestamp, '2024-06-29 23:00:00'::timestamp, '2024-06-29 23:00:00'::timestamp, false),
(69, 69,'CONFIRMED', 'ELSE_WHERE', '2024-07-17 13:00:00'::timestamp, '2024-07-17 14:00:00'::timestamp, '2024-06-29 23:00:00'::timestamp, '2024-06-29 23:00:00'::timestamp, true),
(70, 70,'PENDING', 'ELSE_WHERE', '2024-07-17 16:00:00'::timestamp, '2024-07-17 17:00:00'::timestamp, '2024-06-29 23:00:00'::timestamp, '2024-06-29 23:00:00'::timestamp, false),
(71, 71,'CONFIRMED', 'IN_SHOP', '2024-07-18 10:00:00'::timestamp, '2024-07-18 11:00:00'::timestamp, '2024-06-29 23:00:00'::timestamp, '2024-06-29 23:00:00'::timestamp, false),
(72, 72,'PENDING', 'NO_NEED', '2024-07-18 12:00:00'::timestamp, '2024-07-18 13:00:00'::timestamp, '2024-06-29 23:00:00'::timestamp, '2024-06-29 23:00:00'::timestamp, false),
(73, 73,'PENDING', 'IN_SHOP', '2024-07-18 14:00:00'::timestamp, '2024-07-18 15:00:00'::timestamp, '2024-06-29 23:00:00'::timestamp, '2024-06-29 23:00:00'::timestamp, true),
(74, 74,'CONFIRMED', 'NO_NEED', '2024-07-18 16:00:00'::timestamp, '2024-07-18 17:00:00'::timestamp, '2024-06-29 23:00:00'::timestamp, '2024-06-29 23:00:00'::timestamp, false),
(75, 75,'PENDING', 'ELSE_WHERE', '2024-07-19 10:00:00'::timestamp, '2024-07-19 11:00:00'::timestamp, '2024-06-29 23:00:00'::timestamp, '2024-06-29 23:00:00'::timestamp, false),
(76, 76,'CONFIRMED', 'ELSE_WHERE', '2024-07-19 13:00:00'::timestamp, '2024-07-19 14:00:00'::timestamp, '2024-06-29 23:00:00'::timestamp, '2024-06-29 23:00:00'::timestamp, true),
(77, 77,'PENDING', 'ELSE_WHERE', '2024-07-19 16:00:00'::timestamp, '2024-07-19 17:00:00'::timestamp, '2024-06-29 23:00:00'::timestamp, '2024-06-29 23:00:00'::timestamp, true),
(78, 78,'CONFIRMED', 'IN_SHOP', '2024-07-20 10:00:00'::timestamp, '2024-07-20 11:00:00'::timestamp, '2024-06-29 23:00:00'::timestamp, '2024-06-29 23:00:00'::timestamp, true),
(79, 79,'PENDING', 'NO_NEED', '2024-07-20 12:00:00'::timestamp, '2024-07-20 13:00:00'::timestamp, '2024-06-29 23:00:00'::timestamp, '2024-06-29 23:00:00'::timestamp, true),
(80, 80,'PENDING', 'IN_SHOP', '2024-07-20 14:00:00'::timestamp, '2024-07-20 15:00:00'::timestamp, '2024-06-29 23:00:00'::timestamp, '2024-06-29 23:00:00'::timestamp, false),
(81, 81,'CONFIRMED', 'NO_NEED', '2024-07-20 16:00:00'::timestamp, '2024-07-20 17:00:00'::timestamp, '2024-06-29 23:00:00'::timestamp, '2024-06-29 23:00:00'::timestamp, true),
(82, 82,'PENDING', 'ELSE_WHERE', '2024-07-21 10:00:00'::timestamp, '2024-07-21 11:00:00'::timestamp, '2024-06-29 23:00:00'::timestamp, '2024-06-29 23:00:00'::timestamp, false),
(83, 83,'CONFIRMED', 'ELSE_WHERE', '2024-07-21 13:00:00'::timestamp, '2024-07-21 14:00:00'::timestamp, '2024-06-29 23:00:00'::timestamp, '2024-06-29 23:00:00'::timestamp, false),
(84, 84,'PENDING', 'ELSE_WHERE', '2024-07-21 16:00:00'::timestamp, '2024-07-21 17:00:00'::timestamp, '2024-06-29 23:00:00'::timestamp, '2024-06-29 23:00:00'::timestamp, false),
(85, 85,'CONFIRMED', 'IN_SHOP', '2024-07-22 10:00:00'::timestamp, '2024-07-22 11:00:00'::timestamp, '2024-06-29 23:00:00'::timestamp, '2024-06-29 23:00:00'::timestamp, false),
(86, 86,'PENDING', 'NO_NEED', '2024-07-22 12:00:00'::timestamp, '2024-07-22 13:00:00'::timestamp, '2024-06-29 23:00:00'::timestamp, '2024-06-29 23:00:00'::timestamp, false),
(87, 87,'PENDING', 'IN_SHOP', '2024-07-22 14:00:00'::timestamp, '2024-07-22 15:00:00'::timestamp, '2024-06-29 23:00:00'::timestamp, '2024-06-29 23:00:00'::timestamp, true),
(88, 88,'CONFIRMED', 'NO_NEED', '2024-07-22 16:00:00'::timestamp, '2024-07-22 17:00:00'::timestamp, '2024-06-29 23:00:00'::timestamp, '2024-06-29 23:00:00'::timestamp, false),
(89, 89,'PENDING', 'ELSE_WHERE', '2024-07-23 10:00:00'::timestamp, '2024-07-23 11:00:00'::timestamp, '2024-06-29 23:00:00'::timestamp, '2024-06-29 23:00:00'::timestamp, false),
(90, 90,'CONFIRMED', 'ELSE_WHERE', '2024-07-23 13:00:00'::timestamp, '2024-07-23 14:00:00'::timestamp, '2024-06-29 23:00:00'::timestamp, '2024-06-29 23:00:00'::timestamp, false),
(91, 91,'PENDING', 'ELSE_WHERE', '2024-07-23 16:00:00'::timestamp, '2024-07-23 17:00:00'::timestamp, '2024-06-29 23:00:00'::timestamp, '2024-06-29 23:00:00'::timestamp, false),
(92, 92,'CONFIRMED', 'IN_SHOP', '2024-07-24 10:00:00'::timestamp, '2024-07-24 11:00:00'::timestamp, '2024-06-29 23:00:00'::timestamp, '2024-06-29 23:00:00'::timestamp, false),
(93, 93,'PENDING', 'NO_NEED', '2024-07-24 12:00:00'::timestamp, '2024-07-24 13:00:00'::timestamp, '2024-06-29 23:00:00'::timestamp, '2024-06-29 23:00:00'::timestamp, false),
(94, 94,'PENDING', 'IN_SHOP', '2024-07-24 14:00:00'::timestamp, '2024-07-24 15:00:00'::timestamp, '2024-06-29 23:00:00'::timestamp, '2024-06-29 23:00:00'::timestamp, false),
(95, 95,'CONFIRMED', 'NO_NEED', '2024-07-24 16:00:00'::timestamp, '2024-07-24 17:00:00'::timestamp, '2024-06-29 23:00:00'::timestamp, '2024-06-29 23:00:00'::timestamp, true),
(96, 96,'PENDING', 'ELSE_WHERE', '2024-07-25 10:00:00'::timestamp, '2024-07-25 11:00:00'::timestamp, '2024-06-29 23:00:00'::timestamp, '2024-06-29 23:00:00'::timestamp, false),
(97, 97,'CONFIRMED', 'ELSE_WHERE', '2024-07-25 13:00:00'::timestamp, '2024-07-25 14:00:00'::timestamp, '2024-06-29 23:00:00'::timestamp, '2024-06-29 23:00:00'::timestamp, false),
(98, 98,'PENDING', 'ELSE_WHERE', '2024-07-25 16:00:00'::timestamp, '2024-07-25 17:00:00'::timestamp, '2024-06-29 23:00:00'::timestamp, '2024-06-29 23:00:00'::timestamp, false),
(99, 99,'CONFIRMED', 'IN_SHOP', '2024-07-26 10:00:00'::timestamp, '2024-07-26 11:00:00'::timestamp, '2024-06-29 23:00:00'::timestamp, '2024-06-29 23:00:00'::timestamp, false),
(100,100, 'PENDING', 'NO_NEED', '2024-07-26 12:00:00'::timestamp, '2024-07-26 13:00:00'::timestamp, '2024-06-29 23:00:00'::timestamp, '2024-06-29 23:00:00'::timestamp, false),
(101,101, 'PENDING', 'IN_SHOP', '2024-07-26 14:00:00'::timestamp, '2024-07-26 15:00:00'::timestamp, '2024-06-29 23:00:00'::timestamp, '2024-06-29 23:00:00'::timestamp, true),
(102,102, 'CONFIRMED', 'NO_NEED', '2024-07-26 16:00:00'::timestamp, '2024-07-26 17:00:00'::timestamp, '2024-06-29 23:00:00'::timestamp, '2024-06-29 23:00:00'::timestamp, false),
(103,103, 'PENDING', 'ELSE_WHERE', '2024-07-27 10:00:00'::timestamp, '2024-07-27 11:00:00'::timestamp, '2024-06-29 23:00:00'::timestamp, '2024-06-29 23:00:00'::timestamp, false),
(104,104, 'CONFIRMED', 'ELSE_WHERE', '2024-07-27 13:00:00'::timestamp, '2024-07-27 14:00:00'::timestamp, '2024-06-29 23:00:00'::timestamp, '2024-06-29 23:00:00'::timestamp, false),
(105,105, 'PENDING', 'ELSE_WHERE', '2024-07-27 16:00:00'::timestamp, '2024-07-27 17:00:00'::timestamp, '2024-06-29 23:00:00'::timestamp, '2024-06-29 23:00:00'::timestamp, false),
(106,106, 'CONFIRMED', 'IN_SHOP', '2024-07-28 10:00:00'::timestamp, '2024-07-28 11:00:00'::timestamp, '2024-06-29 23:00:00'::timestamp, '2024-06-29 23:00:00'::timestamp, false),
(107,107, 'PENDING', 'NO_NEED', '2024-07-28 12:00:00'::timestamp, '2024-07-28 13:00:00'::timestamp, '2024-06-29 23:00:00'::timestamp, '2024-06-29 23:00:00'::timestamp, false),
(108,108, 'PENDING', 'IN_SHOP', '2024-07-28 14:00:00'::timestamp, '2024-07-28 15:00:00'::timestamp, '2024-06-29 23:00:00'::timestamp, '2024-06-29 23:00:00'::timestamp, true),
(109,109, 'CONFIRMED', 'NO_NEED', '2024-07-28 16:00:00'::timestamp, '2024-07-28 17:00:00'::timestamp, '2024-06-29 23:00:00'::timestamp, '2024-06-29 23:00:00'::timestamp, false),
(110,110, 'PENDING', 'ELSE_WHERE', '2024-07-29 10:00:00'::timestamp, '2024-07-29 11:00:00'::timestamp, '2024-06-29 23:00:00'::timestamp, '2024-06-29 23:00:00'::timestamp, false),
(111,111, 'CONFIRMED', 'ELSE_WHERE', '2024-07-29 13:00:00'::timestamp, '2024-07-29 14:00:00'::timestamp, '2024-06-29 23:00:00'::timestamp, '2024-06-29 23:00:00'::timestamp, false),
(112,112, 'PENDING', 'ELSE_WHERE', '2024-07-29 16:00:00'::timestamp, '2024-07-29 17:00:00'::timestamp, '2024-06-29 23:00:00'::timestamp, '2024-06-29 23:00:00'::timestamp, true),
(113,113, 'CONFIRMED', 'IN_SHOP', '2024-07-30 10:00:00'::timestamp, '2024-07-30 11:00:00'::timestamp, '2024-06-29 23:00:00'::timestamp, '2024-06-29 23:00:00'::timestamp, true),
(114,114, 'PENDING', 'NO_NEED', '2024-07-30 12:00:00'::timestamp, '2024-07-30 13:00:00'::timestamp, '2024-06-29 23:00:00'::timestamp, '2024-06-29 23:00:00'::timestamp, false),
(115,115, 'PENDING', 'IN_SHOP', '2024-07-30 14:00:00'::timestamp, '2024-07-30 15:00:00'::timestamp, '2024-06-29 23:00:00'::timestamp, '2024-06-29 23:00:00'::timestamp, false),
(116,116, 'CONFIRMED', 'NO_NEED', '2024-07-30 16:00:00'::timestamp, '2024-07-30 17:00:00'::timestamp, '2024-06-29 23:00:00'::timestamp, '2024-06-29 23:00:00'::timestamp, true),
(117,117, 'PENDING', 'ELSE_WHERE', '2024-07-31 10:00:00'::timestamp, '2024-07-31 11:00:00'::timestamp, '2024-06-29 23:00:00'::timestamp, '2024-06-29 23:00:00'::timestamp, false),
(118,118, 'CONFIRMED', 'ELSE_WHERE', '2024-07-31 13:00:00'::timestamp, '2024-07-31 14:00:00'::timestamp, '2024-06-29 23:00:00'::timestamp, '2024-06-29 23:00:00'::timestamp, false),
(119,119, 'PENDING', 'ELSE_WHERE', '2024-07-31 16:00:00'::timestamp, '2024-07-31 17:00:00'::timestamp, '2024-06-29 23:00:00'::timestamp, '2024-06-29 23:00:00'::timestamp, true),
(120,120, 'CONFIRMED', 'IN_SHOP', '2024-07-01 10:00:00'::timestamp, '2024-07-01 11:00:00'::timestamp, '2024-06-29 23:00:00'::timestamp, '2024-06-29 23:00:00'::timestamp, false);

-- 조건 정보 삽입
-- Insert condition information
INSERT INTO conditions (condition_id, reservation_detail_id, option, created_at, modified_at)
VALUES
(1, 1, 'REPAIR', '2024-06-25 11:00:00'::timestamp, '2024-06-25 11:00:00'::timestamp),
(2, 1, 'AS', '2024-06-25 11:00:00'::timestamp, '2024-06-25 11:00:00'::timestamp),
(3, 1, 'WOUND_CARE', '2024-06-25 11:00:00'::timestamp, '2024-06-25 11:00:00'::timestamp),
(4, 2, 'REPAIR', '2024-06-25 12:00:00'::timestamp, '2024-06-25 12:00:00'::timestamp),
(5, 2, 'CORRECTION', '2024-06-25 12:00:00'::timestamp, '2024-06-25 12:00:00'::timestamp),
(6, 2, 'WOUND_CARE', '2024-06-25 12:00:00'::timestamp, '2024-06-25 12:00:00'::timestamp),
(7, 3, 'AS', '2024-06-26 15:00:00'::timestamp, '2024-06-26 15:00:00'::timestamp),
(8, 3, 'CORRECTION', '2024-06-26 15:00:00'::timestamp, '2024-06-26 15:00:00'::timestamp),
(9, 4, 'REPAIR', '2024-06-26 15:00:00'::timestamp, '2024-06-26 15:00:00'::timestamp),
(10, 5, 'AS', '2024-06-26 16:00:00'::timestamp, '2024-06-26 16:00:00'::timestamp),
(11, 5, 'WOUND_CARE', '2024-06-26 16:00:00'::timestamp, '2024-06-26 16:00:00'::timestamp),
(12, 6, 'CORRECTION', '2024-06-27 17:00:00'::timestamp, '2024-06-27 17:00:00'::timestamp),
(13, 6, 'AS', '2024-06-27 17:00:00'::timestamp, '2024-06-27 17:00:00'::timestamp),
(14, 7, 'REPAIR', '2024-06-27 18:00:00'::timestamp, '2024-06-27 18:00:00'::timestamp),
(15, 7, 'WOUND_CARE', '2024-06-27 18:00:00'::timestamp, '2024-06-27 18:00:00'::timestamp),
(16, 8, 'CORRECTION', '2024-06-28 19:00:00'::timestamp, '2024-06-28 19:00:00'::timestamp),
(17, 8, 'AS', '2024-06-28 19:00:00'::timestamp, '2024-06-28 19:00:00'::timestamp),
(18, 9, 'REPAIR', '2024-06-28 20:00:00'::timestamp, '2024-06-28 20:00:00'::timestamp),
(19, 9, 'WOUND_CARE', '2024-06-28 20:00:00'::timestamp, '2024-06-28 20:00:00'::timestamp),
(20, 10, 'CORRECTION', '2024-06-28 21:00:00'::timestamp, '2024-06-28 21:00:00'::timestamp),
(21, 10, 'AS', '2024-06-28 21:00:00'::timestamp, '2024-06-28 21:00:00'::timestamp),
(22, 11, 'REPAIR', '2024-06-29 22:00:00'::timestamp, '2024-06-29 22:00:00'::timestamp),
(23, 11, 'WOUND_CARE', '2024-06-29 22:00:00'::timestamp, '2024-06-29 22:00:00'::timestamp),
(24, 12, 'CORRECTION', '2024-06-29 23:00:00'::timestamp, '2024-06-29 23:00:00'::timestamp),
(25, 12, 'AS', '2024-06-29 23:00:00'::timestamp, '2024-06-29 23:00:00'::timestamp),
(26, 13, 'REPAIR', '2024-06-30 09:00:00'::timestamp, '2024-06-30 09:00:00'::timestamp),
(27, 13, 'WOUND_CARE', '2024-06-30 09:00:00'::timestamp, '2024-06-30 09:00:00'::timestamp),
(28, 14, 'CORRECTION', '2024-06-30 10:00:00'::timestamp, '2024-06-30 10:00:00'::timestamp),
(29, 14, 'AS', '2024-06-30 10:00:00'::timestamp, '2024-06-30 10:00:00'::timestamp),
(30, 15, 'REPAIR', '2024-06-30 11:00:00'::timestamp, '2024-06-30 11:00:00'::timestamp),
(31, 15, 'WOUND_CARE', '2024-06-30 11:00:00'::timestamp, '2024-06-30 11:00:00'::timestamp),
(32, 16, 'CORRECTION', '2024-06-30 12:00:00'::timestamp, '2024-06-30 12:00:00'::timestamp),
(33, 16, 'AS', '2024-06-30 12:00:00'::timestamp, '2024-06-30 12:00:00'::timestamp),
(34, 17, 'REPAIR', '2024-06-30 13:00:00'::timestamp, '2024-06-30 13:00:00'::timestamp),
(35, 17, 'WOUND_CARE', '2024-06-30 13:00:00'::timestamp, '2024-06-30 13:00:00'::timestamp),
(36, 18, 'CORRECTION', '2024-06-30 14:00:00'::timestamp, '2024-06-30 14:00:00'::timestamp),
(37, 19, 'AS', '2024-06-30 15:00:00'::timestamp, '2024-06-30 15:00:00'::timestamp),
(38, 20, 'REPAIR', '2024-06-30 16:00:00'::timestamp, '2024-06-30 16:00:00'::timestamp),
(39, 20, 'WOUND_CARE', '2024-06-30 16:00:00'::timestamp, '2024-06-30 16:00:00'::timestamp),
(40, 21, 'CORRECTION', '2024-06-30 17:00:00'::timestamp, '2024-06-30 17:00:00'::timestamp),
(41, 21, 'AS', '2024-06-30 17:00:00'::timestamp, '2024-06-30 17:00:00'::timestamp),
(42, 22, 'REPAIR', '2024-06-30 18:00:00'::timestamp, '2024-06-30 18:00:00'::timestamp),
(43, 23, 'WOUND_CARE', '2024-06-30 19:00:00'::timestamp, '2024-06-30 19:00:00'::timestamp),
(44, 24, 'CORRECTION', '2024-06-30 20:00:00'::timestamp, '2024-06-30 20:00:00'::timestamp),
(45, 24, 'AS', '2024-06-30 20:00:00'::timestamp, '2024-06-30 20:00:00'::timestamp),
(46, 25, 'REPAIR', '2024-06-30 21:00:00'::timestamp, '2024-06-30 21:00:00'::timestamp),
(47, 26, 'WOUND_CARE', '2024-06-30 22:00:00'::timestamp, '2024-06-30 22:00:00'::timestamp),
(48, 27, 'CORRECTION', '2024-06-30 23:00:00'::timestamp, '2024-06-30 23:00:00'::timestamp),
(49, 28, 'AS', '2024-07-01 09:00:00'::timestamp, '2024-07-01 09:00:00'::timestamp),
(50, 29, 'REPAIR', '2024-07-01 10:00:00'::timestamp, '2024-07-01 10:00:00'::timestamp),
(51, 29, 'WOUND_CARE', '2024-07-01 10:00:00'::timestamp, '2024-07-01 10:00:00'::timestamp),
(52, 30, 'CORRECTION', '2024-07-01 11:00:00'::timestamp, '2024-07-01 11:00:00'::timestamp),
(53, 31, 'AS', '2024-07-01 12:00:00'::timestamp, '2024-07-01 12:00:00'::timestamp),
(54, 32, 'REPAIR', '2024-07-01 13:00:00'::timestamp, '2024-07-01 13:00:00'::timestamp),
(55, 32, 'WOUND_CARE', '2024-07-01 13:00:00'::timestamp, '2024-07-01 13:00:00'::timestamp),
(56, 33, 'CORRECTION', '2024-07-01 14:00:00'::timestamp, '2024-07-01 14:00:00'::timestamp),
(57, 34, 'AS', '2024-07-01 15:00:00'::timestamp, '2024-07-01 15:00:00'::timestamp),
(58, 35, 'REPAIR', '2024-07-01 16:00:00'::timestamp, '2024-07-01 16:00:00'::timestamp),
(59, 35, 'WOUND_CARE', '2024-07-01 16:00:00'::timestamp, '2024-07-01 16:00:00'::timestamp),
(60, 36, 'CORRECTION', '2024-07-01 17:00:00'::timestamp, '2024-07-01 17:00:00'::timestamp),
(61, 37, 'AS', '2024-07-01 18:00:00'::timestamp, '2024-07-01 18:00:00'::timestamp),
(62, 38, 'REPAIR', '2024-07-01 19:00:00'::timestamp, '2024-07-01 19:00:00'::timestamp),
(63, 38, 'WOUND_CARE', '2024-07-01 19:00:00'::timestamp, '2024-07-01 19:00:00'::timestamp),
(64, 39, 'CORRECTION', '2024-07-01 20:00:00'::timestamp, '2024-07-01 20:00:00'::timestamp),
(65, 40, 'AS', '2024-07-01 21:00:00'::timestamp, '2024-07-01 21:00:00'::timestamp),
(66, 41, 'REPAIR', '2024-07-01 22:00:00'::timestamp, '2024-07-01 22:00:00'::timestamp),
(67, 42, 'WOUND_CARE', '2024-07-01 23:00:00'::timestamp, '2024-07-01 23:00:00'::timestamp),
(68, 42, 'AS', '2024-07-01 23:00:00'::timestamp, '2024-07-01 23:00:00'::timestamp),
(69, 43, 'REPAIR', '2024-07-02 09:00:00'::timestamp, '2024-07-02 09:00:00'::timestamp),
(70, 44, 'WOUND_CARE', '2024-07-02 10:00:00'::timestamp, '2024-07-02 10:00:00'::timestamp),
(71, 44, 'AS', '2024-07-02 10:00:00'::timestamp, '2024-07-02 10:00:00'::timestamp),
(72, 45, 'CORRECTION', '2024-07-02 11:00:00'::timestamp, '2024-07-02 11:00:00'::timestamp),
(73, 46, 'REPAIR', '2024-07-02 12:00:00'::timestamp, '2024-07-02 12:00:00'::timestamp),
(74, 46, 'AS', '2024-07-02 12:00:00'::timestamp, '2024-07-02 12:00:00'::timestamp),
(75, 47, 'WOUND_CARE', '2024-07-02 13:00:00'::timestamp, '2024-07-02 13:00:00'::timestamp),
(76, 48, 'CORRECTION', '2024-07-02 14:00:00'::timestamp, '2024-07-02 14:00:00'::timestamp),
(77, 49, 'AS', '2024-07-02 15:00:00'::timestamp, '2024-07-02 15:00:00'::timestamp),
(78, 50, 'REPAIR', '2024-07-02 16:00:00'::timestamp, '2024-07-02 16:00:00'::timestamp),
(79, 51, 'WOUND_CARE', '2024-07-02 17:00:00'::timestamp, '2024-07-02 17:00:00'::timestamp),
(80, 51, 'CORRECTION', '2024-07-02 17:00:00'::timestamp, '2024-07-02 17:00:00'::timestamp),
(81, 52, 'AS', '2024-07-02 18:00:00'::timestamp, '2024-07-02 18:00:00'::timestamp),
(82, 53, 'REPAIR', '2024-07-02 19:00:00'::timestamp, '2024-07-02 19:00:00'::timestamp),
(83, 54, 'WOUND_CARE', '2024-07-02 20:00:00'::timestamp, '2024-07-02 20:00:00'::timestamp),
(84, 54, 'CORRECTION', '2024-07-02 20:00:00'::timestamp, '2024-07-02 20:00:00'::timestamp),
(85, 55, 'AS', '2024-07-02 21:00:00'::timestamp, '2024-07-02 21:00:00'::timestamp),
(86, 56, 'REPAIR', '2024-07-02 22:00:00'::timestamp, '2024-07-02 22:00:00'::timestamp),
(87, 57, 'WOUND_CARE', '2024-07-02 23:00:00'::timestamp, '2024-07-02 23:00:00'::timestamp),
(88, 57, 'CORRECTION', '2024-07-02 23:00:00'::timestamp, '2024-07-02 23:00:00'::timestamp),
(89, 58, 'AS', '2024-07-03 09:00:00'::timestamp, '2024-07-03 09:00:00'::timestamp),
(90, 59, 'REPAIR', '2024-07-03 10:00:00'::timestamp, '2024-07-03 10:00:00'::timestamp),
(91, 59, 'WOUND_CARE', '2024-07-03 10:00:00'::timestamp, '2024-07-03 10:00:00'::timestamp),
(92, 60, 'CORRECTION', '2024-07-03 11:00:00'::timestamp, '2024-07-03 11:00:00'::timestamp),
(93, 60, 'AS', '2024-07-03 11:00:00'::timestamp, '2024-07-03 11:00:00'::timestamp),
(94, 61, 'REPAIR', '2024-07-03 12:00:00'::timestamp, '2024-07-03 12:00:00'::timestamp),
(95, 62, 'WOUND_CARE', '2024-07-03 13:00:00'::timestamp, '2024-07-03 13:00:00'::timestamp),
(96, 63, 'CORRECTION', '2024-07-03 14:00:00'::timestamp, '2024-07-03 14:00:00'::timestamp),
(97, 63, 'AS', '2024-07-03 14:00:00'::timestamp, '2024-07-03 14:00:00'::timestamp),
(98, 64, 'REPAIR', '2024-07-03 15:00:00'::timestamp, '2024-07-03 15:00:00'::timestamp),
(99, 65, 'WOUND_CARE', '2024-07-03 16:00:00'::timestamp, '2024-07-03 16:00:00'::timestamp),
(100, 66, 'CORRECTION', '2024-07-03 17:00:00'::timestamp, '2024-07-03 17:00:00'::timestamp),
(101, 66, 'AS', '2024-07-03 17:00:00'::timestamp, '2024-07-03 17:00:00'::timestamp),
(102, 67, 'REPAIR', '2024-07-03 18:00:00'::timestamp, '2024-07-03 18:00:00'::timestamp),
(103, 68, 'WOUND_CARE', '2024-07-03 19:00:00'::timestamp, '2024-07-03 19:00:00'::timestamp),
(104, 69, 'CORRECTION', '2024-07-03 20:00:00'::timestamp, '2024-07-03 20:00:00'::timestamp),
(105, 69, 'AS', '2024-07-03 20:00:00'::timestamp, '2024-07-03 20:00:00'::timestamp),
(106, 70, 'REPAIR', '2024-07-03 21:00:00'::timestamp, '2024-07-03 21:00:00'::timestamp),
(107, 71, 'WOUND_CARE', '2024-07-03 22:00:00'::timestamp, '2024-07-03 22:00:00'::timestamp),
(108, 72, 'CORRECTION', '2024-07-03 23:00:00'::timestamp, '2024-07-03 23:00:00'::timestamp),
(109, 72, 'AS', '2024-07-03 23:00:00'::timestamp, '2024-07-03 23:00:00'::timestamp),
(110, 73, 'REPAIR', '2024-07-04 09:00:00'::timestamp, '2024-07-04 09:00:00'::timestamp),
(111, 74, 'WOUND_CARE', '2024-07-04 10:00:00'::timestamp, '2024-07-04 10:00:00'::timestamp),
(112, 74, 'AS', '2024-07-04 10:00:00'::timestamp, '2024-07-04 10:00:00'::timestamp),
(113, 75, 'CORRECTION', '2024-07-04 11:00:00'::timestamp, '2024-07-04 11:00:00'::timestamp),
(114, 76, 'REPAIR', '2024-07-04 12:00:00'::timestamp, '2024-07-04 12:00:00'::timestamp),
(115, 77, 'WOUND_CARE', '2024-07-04 13:00:00'::timestamp, '2024-07-04 13:00:00'::timestamp),
(116, 78, 'CORRECTION', '2024-07-04 14:00:00'::timestamp, '2024-07-04 14:00:00'::timestamp),
(117, 79, 'AS', '2024-07-04 15:00:00'::timestamp, '2024-07-04 15:00:00'::timestamp),
(118, 80, 'REPAIR', '2024-07-04 16:00:00'::timestamp, '2024-07-04 16:00:00'::timestamp),
(119, 81, 'WOUND_CARE', '2024-07-04 17:00:00'::timestamp, '2024-07-04 17:00:00'::timestamp),
(120, 81, 'CORRECTION', '2024-07-04 17:00:00'::timestamp, '2024-07-04 17:00:00'::timestamp),
(121, 82, 'AS', '2024-07-04 18:00:00'::timestamp, '2024-07-04 18:00:00'::timestamp),
(122, 83, 'REPAIR', '2024-07-04 19:00:00'::timestamp, '2024-07-04 19:00:00'::timestamp),
(123, 84, 'WOUND_CARE', '2024-07-04 20:00:00'::timestamp, '2024-07-04 20:00:00'::timestamp),
(124, 84, 'CORRECTION', '2024-07-04 20:00:00'::timestamp, '2024-07-04 20:00:00'::timestamp),
(125, 85, 'AS', '2024-07-04 21:00:00'::timestamp, '2024-07-04 21:00:00'::timestamp),
(126, 86, 'REPAIR', '2024-07-04 22:00:00'::timestamp, '2024-07-04 22:00:00'::timestamp),
(127, 87, 'WOUND_CARE', '2024-07-04 23:00:00'::timestamp, '2024-07-04 23:00:00'::timestamp),
(128, 87, 'CORRECTION', '2024-07-04 23:00:00'::timestamp, '2024-07-04 23:00:00'::timestamp),
(129, 88, 'AS', '2024-07-05 09:00:00'::timestamp, '2024-07-05 09:00:00'::timestamp),
(130, 89, 'REPAIR', '2024-07-05 10:00:00'::timestamp, '2024-07-05 10:00:00'::timestamp),
(131, 89, 'WOUND_CARE', '2024-07-05 10:00:00'::timestamp, '2024-07-05 10:00:00'::timestamp),
(132, 90, 'CORRECTION', '2024-07-05 11:00:00'::timestamp, '2024-07-05 11:00:00'::timestamp),
(133, 91, 'AS', '2024-07-05 12:00:00'::timestamp, '2024-07-05 12:00:00'::timestamp),
(134, 92, 'REPAIR', '2024-07-05 13:00:00'::timestamp, '2024-07-05 13:00:00'::timestamp),
(135, 93, 'WOUND_CARE', '2024-07-05 14:00:00'::timestamp, '2024-07-05 14:00:00'::timestamp),
(136, 93, 'CORRECTION', '2024-07-05 14:00:00'::timestamp, '2024-07-05 14:00:00'::timestamp),
(137, 94, 'AS', '2024-07-05 15:00:00'::timestamp, '2024-07-05 15:00:00'::timestamp),
(138, 95, 'REPAIR', '2024-07-05 16:00:00'::timestamp, '2024-07-05 16:00:00'::timestamp),
(139, 96, 'WOUND_CARE', '2024-07-05 17:00:00'::timestamp, '2024-07-05 17:00:00'::timestamp),
(140, 96, 'CORRECTION', '2024-07-05 17:00:00'::timestamp, '2024-07-05 17:00:00'::timestamp),
(141, 97, 'AS', '2024-07-05 18:00:00'::timestamp, '2024-07-05 18:00:00'::timestamp),
(142, 98, 'REPAIR', '2024-07-05 19:00:00'::timestamp, '2024-07-05 19:00:00'::timestamp),
(143, 99, 'WOUND_CARE', '2024-07-05 20:00:00'::timestamp, '2024-07-05 20:00:00'::timestamp),
(144, 99, 'CORRECTION', '2024-07-05 20:00:00'::timestamp, '2024-07-05 20:00:00'::timestamp),
(145, 100, 'AS', '2024-07-05 21:00:00'::timestamp, '2024-07-05 21:00:00'::timestamp),
(146, 101, 'REPAIR', '2024-07-05 22:00:00'::timestamp, '2024-07-05 22:00:00'::timestamp),
(147, 102, 'WOUND_CARE', '2024-07-05 23:00:00'::timestamp, '2024-07-05 23:00:00'::timestamp),
(148, 102, 'CORRECTION', '2024-07-05 23:00:00'::timestamp, '2024-07-05 23:00:00'::timestamp),
(149, 103, 'AS', '2024-07-06 09:00:00'::timestamp, '2024-07-06 09:00:00'::timestamp),
(150, 104, 'REPAIR', '2024-07-06 10:00:00'::timestamp, '2024-07-06 10:00:00'::timestamp),
(151, 104, 'WOUND_CARE', '2024-07-06 10:00:00'::timestamp, '2024-07-06 10:00:00'::timestamp),
(152, 105, 'CORRECTION', '2024-07-06 11:00:00'::timestamp, '2024-07-06 11:00:00'::timestamp),
(153, 106, 'AS', '2024-07-06 12:00:00'::timestamp, '2024-07-06 12:00:00'::timestamp),
(154, 107, 'REPAIR', '2024-07-06 13:00:00'::timestamp, '2024-07-06 13:00:00'::timestamp),
(155, 107, 'WOUND_CARE', '2024-07-06 13:00:00'::timestamp, '2024-07-06 13:00:00'::timestamp),
(156, 108, 'CORRECTION', '2024-07-06 14:00:00'::timestamp, '2024-07-06 14:00:00'::timestamp),
(157, 109, 'AS', '2024-07-06 15:00:00'::timestamp, '2024-07-06 15:00:00'::timestamp),
(158, 110, 'REPAIR', '2024-07-06 16:00:00'::timestamp, '2024-07-06 16:00:00'::timestamp),
(159, 110, 'WOUND_CARE', '2024-07-06 16:00:00'::timestamp, '2024-07-06 16:00:00'::timestamp),
(160, 111, 'CORRECTION', '2024-07-06 17:00:00'::timestamp, '2024-07-06 17:00:00'::timestamp),
(161, 112, 'AS', '2024-07-06 18:00:00'::timestamp, '2024-07-06 18:00:00'::timestamp),
(162, 113, 'REPAIR', '2024-07-06 19:00:00'::timestamp, '2024-07-06 19:00:00'::timestamp),
(163, 113, 'WOUND_CARE', '2024-07-06 19:00:00'::timestamp, '2024-07-06 19:00:00'::timestamp),
(164, 114, 'CORRECTION', '2024-07-06 20:00:00'::timestamp, '2024-07-06 20:00:00'::timestamp),
(165, 115, 'AS', '2024-07-06 21:00:00'::timestamp, '2024-07-06 21:00:00'::timestamp),
(166, 116, 'REPAIR', '2024-07-06 22:00:00'::timestamp, '2024-07-06 22:00:00'::timestamp),
(167, 117, 'WOUND_CARE', '2024-07-06 23:00:00'::timestamp, '2024-07-06 23:00:00'::timestamp),
(168, 117, 'CORRECTION', '2024-07-06 23:00:00'::timestamp, '2024-07-06 23:00:00'::timestamp),
(169, 118, 'AS', '2024-07-07 09:00:00'::timestamp, '2024-07-07 09:00:00'::timestamp),
(170, 119, 'REPAIR', '2024-07-07 10:00:00'::timestamp, '2024-07-07 10:00:00'::timestamp),
(171, 120, 'WOUND_CARE', '2024-07-07 11:00:00'::timestamp, '2024-07-07 11:00:00'::timestamp),
(172, 120, 'CORRECTION', '2024-07-07 11:00:00'::timestamp, '2024-07-07 11:00:00'::timestamp);






-- 처리 정보 삽입
INSERT INTO treatments (treatment_id,reservation_detail_id, option, image_id, image_url, created_at, modified_at) VALUES
(1,1, 'AOM', 1, '', '2024-06-25 11:00:00'::timestamp, '2024-06-25 11:00:00'::timestamp),
(2,2, 'CARE', 2, '', '2024-06-25 12:00:00'::timestamp, '2024-06-25 12:00:00'::timestamp),
(3,3, 'ONE', 3, '', '2024-06-26 15:00:00'::timestamp, '2024-06-26 15:00:00'::timestamp),
(4,4, 'AOM', 4, '', '2024-06-26 15:00:00'::timestamp, '2024-06-26 15:00:00'::timestamp),
(5,5, 'AOM', 5, '', '2024-06-26 16:00:00'::timestamp, '2024-06-26 16:00:00'::timestamp),
(6,6, 'AOM', 6, '', '2024-06-27 17:00:00'::timestamp, '2024-06-27 17:00:00'::timestamp),
(7,7, 'CARE', 7, '', '2024-06-27 18:00:00'::timestamp, '2024-06-27 18:00:00'::timestamp),
(8,8, 'ONE', 8, '', '2024-06-28 19:00:00'::timestamp, '2024-06-28 19:00:00'::timestamp),
(9,9, 'AOM', 9, '', '2024-06-28 20:00:00'::timestamp, '2024-06-28 20:00:00'::timestamp),
(10, 10, 'ONE', 10, '', '2024-06-28 21:00:00'::timestamp, '2024-06-28 21:00:00'::timestamp),
(11, 11, 'ONE', 11, '', '2024-06-29 22:00:00'::timestamp, '2024-06-29 22:00:00'::timestamp),
(12, 12, 'ONE', 12, '', '2024-06-29 23:00:00'::timestamp, '2024-06-29 23:00:00'::timestamp),
(13, 13, 'AOM', 13, '', '2024-06-30 09:00:00'::timestamp, '2024-06-30 09:00:00'::timestamp),
(14, 14, 'CARE', 14, '', '2024-06-30 10:00:00'::timestamp, '2024-06-30 10:00:00'::timestamp),
(15, 15, 'ONE', 15, '', '2024-06-30 11:00:00'::timestamp, '2024-06-30 11:00:00'::timestamp),
(16, 16, 'AOM', 16, '', '2024-06-30 12:00:00'::timestamp, '2024-06-30 12:00:00'::timestamp),
(17, 17, 'AOM', 17, '', '2024-06-30 13:00:00'::timestamp, '2024-06-30 13:00:00'::timestamp),
(18, 18, 'CARE', 18, '', '2024-06-30 14:00:00'::timestamp, '2024-06-30 14:00:00'::timestamp),
(19, 19, 'AOM', 19, '', '2024-06-30 15:00:00'::timestamp, '2024-06-30 15:00:00'::timestamp),
(20, 20, 'AOM', 20, '', '2024-06-30 16:00:00'::timestamp, '2024-06-30 16:00:00'::timestamp),
(21, 21, 'AOM', 21, '', '2024-06-30 17:00:00'::timestamp, '2024-06-30 17:00:00'::timestamp),
(22, 22, 'CARE', 22, '', '2024-06-30 18:00:00'::timestamp, '2024-06-30 18:00:00'::timestamp),
(23, 23, 'ONE', 23, '', '2024-06-30 19:00:00'::timestamp, '2024-06-30 19:00:00'::timestamp),
(24, 24, 'ONE', 24, '', '2024-06-30 20:00:00'::timestamp, '2024-06-30 20:00:00'::timestamp),
(25, 25, 'AOM', 25, '', '2024-06-30 21:00:00'::timestamp, '2024-06-30 21:00:00'::timestamp),
(26, 26, 'CARE', 26, '', '2024-06-30 22:00:00'::timestamp, '2024-06-30 22:00:00'::timestamp),
(27, 27, 'ONE', 27, '', '2024-06-30 23:00:00'::timestamp, '2024-06-30 23:00:00'::timestamp),
(28, 28, 'AOM', 28, '', '2024-07-01 09:00:00'::timestamp, '2024-07-01 09:00:00'::timestamp),
(29, 29, 'CARE', 29, '', '2024-07-01 10:00:00'::timestamp, '2024-07-01 10:00:00'::timestamp),
(30, 30, 'ONE', 30, '', '2024-07-01 11:00:00'::timestamp, '2024-07-01 11:00:00'::timestamp),
(31, 31, 'AOM', 31, '', '2024-07-01 12:00:00'::timestamp, '2024-07-01 12:00:00'::timestamp),
(32, 32, 'CARE', 32, '', '2024-07-01 13:00:00'::timestamp, '2024-07-01 13:00:00'::timestamp),
(33, 33, 'ONE', 33, '', '2024-07-01 14:00:00'::timestamp, '2024-07-01 14:00:00'::timestamp),
(34, 34, 'AOM', 34, '', '2024-07-01 15:00:00'::timestamp, '2024-07-01 15:00:00'::timestamp),
(35, 35, 'CARE', 35, '', '2024-07-01 16:00:00'::timestamp, '2024-07-01 16:00:00'::timestamp),
(36, 36, 'ONE', 36, '', '2024-07-01 17:00:00'::timestamp, '2024-07-01 17:00:00'::timestamp),
(37, 37, 'AOM', 37, '', '2024-07-01 18:00:00'::timestamp, '2024-07-01 18:00:00'::timestamp),
(38, 38, 'CARE', 38, '', '2024-07-01 19:00:00'::timestamp, '2024-07-01 19:00:00'::timestamp),
(39, 39, 'ONE', 39, '', '2024-07-01 20:00:00'::timestamp, '2024-07-01 20:00:00'::timestamp),
(40, 40, 'AOM', 40, '', '2024-07-01 21:00:00'::timestamp, '2024-07-01 21:00:00'::timestamp),
(41, 41, 'CARE', 41, '', '2024-07-01 22:00:00'::timestamp, '2024-07-01 22:00:00'::timestamp),
(42, 42, 'ONE', 42, '', '2024-07-01 23:00:00'::timestamp, '2024-07-01 23:00:00'::timestamp),
(43, 43, 'AOM', 43, '', '2024-07-02 09:00:00'::timestamp, '2024-07-02 09:00:00'::timestamp),
(44, 44, 'CARE', 44, '', '2024-07-02 10:00:00'::timestamp, '2024-07-02 10:00:00'::timestamp),
(45, 45, 'ONE', 45, '', '2024-07-02 11:00:00'::timestamp, '2024-07-02 11:00:00'::timestamp),
(46, 46, 'AOM', 46, '', '2024-07-02 12:00:00'::timestamp, '2024-07-02 12:00:00'::timestamp),
(47, 47, 'CARE', 47, '', '2024-07-02 13:00:00'::timestamp, '2024-07-02 13:00:00'::timestamp),
(48, 48, 'ONE', 48, '', '2024-07-02 14:00:00'::timestamp, '2024-07-02 14:00:00'::timestamp),
(49, 49, 'AOM', 49, '', '2024-07-02 15:00:00'::timestamp, '2024-07-02 15:00:00'::timestamp),
(50, 50, 'CARE', 50, '', '2024-07-02 16:00:00'::timestamp, '2024-07-02 16:00:00'::timestamp),
(51, 51, 'ONE', 51, '', '2024-07-02 17:00:00'::timestamp, '2024-07-02 17:00:00'::timestamp),
(52, 52, 'AOM', 52, '', '2024-07-02 18:00:00'::timestamp, '2024-07-02 18:00:00'::timestamp),
(53, 53, 'CARE', 53, '', '2024-07-02 19:00:00'::timestamp, '2024-07-02 19:00:00'::timestamp),
(54, 54, 'ONE', 54, '', '2024-07-02 20:00:00'::timestamp, '2024-07-02 20:00:00'::timestamp),
(55, 55, 'AOM', 55, '', '2024-07-02 21:00:00'::timestamp, '2024-07-02 21:00:00'::timestamp),
(56, 56, 'CARE', 56, '', '2024-07-02 22:00:00'::timestamp, '2024-07-02 22:00:00'::timestamp),
(57, 57, 'ONE', 57, '', '2024-07-02 23:00:00'::timestamp, '2024-07-02 23:00:00'::timestamp),
(58, 58, 'AOM', 58, '', '2024-07-03 09:00:00'::timestamp, '2024-07-03 09:00:00'::timestamp),
(59, 59, 'CARE', 59, '', '2024-07-03 10:00:00'::timestamp, '2024-07-03 10:00:00'::timestamp),
(60, 60, 'ONE', 60, '', '2024-07-03 11:00:00'::timestamp, '2024-07-03 11:00:00'::timestamp),
(61, 61, 'AOM', 61, '', '2024-07-03 12:00:00'::timestamp, '2024-07-03 12:00:00'::timestamp),
(62, 62, 'CARE', 62, '', '2024-07-03 13:00:00'::timestamp, '2024-07-03 13:00:00'::timestamp),
(63, 63, 'ONE', 63, '', '2024-07-03 14:00:00'::timestamp, '2024-07-03 14:00:00'::timestamp),
(64, 64, 'AOM', 64, '', '2024-07-03 15:00:00'::timestamp, '2024-07-03 15:00:00'::timestamp),
(65, 65, 'CARE', 65, '', '2024-07-03 16:00:00'::timestamp, '2024-07-03 16:00:00'::timestamp),
(66, 66, 'ONE', 66, '', '2024-07-03 17:00:00'::timestamp, '2024-07-03 17:00:00'::timestamp),
(67, 67, 'AOM', 67, '', '2024-07-03 18:00:00'::timestamp, '2024-07-03 18:00:00'::timestamp),
(68, 68, 'CARE', 68, '', '2024-07-03 19:00:00'::timestamp, '2024-07-03 19:00:00'::timestamp),
(69, 69, 'ONE', 69, '', '2024-07-03 20:00:00'::timestamp, '2024-07-03 20:00:00'::timestamp),
(70, 70, 'AOM', 70, '', '2024-07-03 21:00:00'::timestamp, '2024-07-03 21:00:00'::timestamp),
(71, 71, 'CARE', 71, '', '2024-07-03 22:00:00'::timestamp, '2024-07-03 22:00:00'::timestamp),
(72, 72, 'ONE', 72, '', '2024-07-03 23:00:00'::timestamp, '2024-07-03 23:00:00'::timestamp),
(73, 73, 'AOM', 73, '', '2024-07-04 09:00:00'::timestamp, '2024-07-04 09:00:00'::timestamp),
(74, 74, 'CARE', 74, '', '2024-07-04 10:00:00'::timestamp, '2024-07-04 10:00:00'::timestamp),
(75, 75, 'ONE', 75, '', '2024-07-04 11:00:00'::timestamp, '2024-07-04 11:00:00'::timestamp),
(76, 76, 'AOM', 76, '', '2024-07-04 12:00:00'::timestamp, '2024-07-04 12:00:00'::timestamp),
(77, 77, 'CARE', 77, '', '2024-07-04 13:00:00'::timestamp, '2024-07-04 13:00:00'::timestamp),
(78, 78, 'ONE', 78, '', '2024-07-04 14:00:00'::timestamp, '2024-07-04 14:00:00'::timestamp),
(79, 79, 'AOM', 79, '', '2024-07-04 15:00:00'::timestamp, '2024-07-04 15:00:00'::timestamp),
(80, 80, 'CARE', 80, '', '2024-07-04 16:00:00'::timestamp, '2024-07-04 16:00:00'::timestamp),
(81, 81, 'ONE', 81, '', '2024-07-04 17:00:00'::timestamp, '2024-07-04 17:00:00'::timestamp),
(82, 82, 'AOM', 82, '', '2024-07-04 18:00:00'::timestamp, '2024-07-04 18:00:00'::timestamp),
(83, 83, 'CARE', 83, '', '2024-07-04 19:00:00'::timestamp, '2024-07-04 19:00:00'::timestamp),
(84, 84, 'ONE', 84, '', '2024-07-04 20:00:00'::timestamp, '2024-07-04 20:00:00'::timestamp),
(85, 85, 'AOM', 85, '', '2024-07-04 21:00:00'::timestamp, '2024-07-04 21:00:00'::timestamp),
(86, 86, 'CARE', 86, '', '2024-07-04 22:00:00'::timestamp, '2024-07-04 22:00:00'::timestamp),
(87, 87, 'ONE', 87, '', '2024-07-04 23:00:00'::timestamp, '2024-07-04 23:00:00'::timestamp),
(88, 88, 'AOM', 88, '', '2024-07-05 09:00:00'::timestamp, '2024-07-05 09:00:00'::timestamp),
(89, 89, 'CARE', 89, '', '2024-07-05 10:00:00'::timestamp, '2024-07-05 10:00:00'::timestamp),
(90, 90, 'ONE', 90, '', '2024-07-05 11:00:00'::timestamp, '2024-07-05 11:00:00'::timestamp),
(91, 91, 'AOM', 91, '', '2024-07-05 12:00:00'::timestamp, '2024-07-05 12:00:00'::timestamp),
(92, 92, 'CARE', 92, '', '2024-07-05 13:00:00'::timestamp, '2024-07-05 13:00:00'::timestamp),
(93, 93, 'ONE', 93, '', '2024-07-05 14:00:00'::timestamp, '2024-07-05 14:00:00'::timestamp),
(94, 94, 'AOM', 94, '', '2024-07-05 15:00:00'::timestamp, '2024-07-05 15:00:00'::timestamp),
(95, 95, 'CARE', 95, '', '2024-07-05 16:00:00'::timestamp, '2024-07-05 16:00:00'::timestamp),
(96, 96, 'ONE', 96, '', '2024-07-05 17:00:00'::timestamp, '2024-07-05 17:00:00'::timestamp),
(97, 97, 'AOM', 97, '', '2024-07-05 18:00:00'::timestamp, '2024-07-05 18:00:00'::timestamp),
(98, 98, 'CARE', 98, '', '2024-07-05 19:00:00'::timestamp, '2024-07-05 19:00:00'::timestamp),
(99, 99, 'ONE', 99, '', '2024-07-05 20:00:00'::timestamp, '2024-07-05 20:00:00'::timestamp),
(100,100, 'AOM', 100, '', '2024-07-05 21:00:00'::timestamp, '2024-07-05 21:00:00'::timestamp),
(101,101, 'CARE', 101, '', '2024-07-05 22:00:00'::timestamp, '2024-07-05 22:00:00'::timestamp),
(102,102, 'ONE', 102, '', '2024-07-05 23:00:00'::timestamp, '2024-07-05 23:00:00'::timestamp),
(103,103, 'AOM', 103, '', '2024-07-06 09:00:00'::timestamp, '2024-07-06 09:00:00'::timestamp),
(104,104, 'CARE', 104, '', '2024-07-06 10:00:00'::timestamp, '2024-07-06 10:00:00'::timestamp),
(105,105, 'ONE', 105, '', '2024-07-06 11:00:00'::timestamp, '2024-07-06 11:00:00'::timestamp),
(106,106, 'AOM', 106, '', '2024-07-06 12:00:00'::timestamp, '2024-07-06 12:00:00'::timestamp),
(107,107, 'CARE', 107, '', '2024-07-06 13:00:00'::timestamp, '2024-07-06 13:00:00'::timestamp),
(108,108, 'ONE', 108, '', '2024-07-06 14:00:00'::timestamp, '2024-07-06 14:00:00'::timestamp),
(109,109, 'AOM', 109, '', '2024-07-06 15:00:00'::timestamp, '2024-07-06 15:00:00'::timestamp),
(110,110, 'CARE', 110, '', '2024-07-06 16:00:00'::timestamp, '2024-07-06 16:00:00'::timestamp),
(111,111, 'ONE', 111, '', '2024-07-06 17:00:00'::timestamp, '2024-07-06 17:00:00'::timestamp),
(112,112, 'AOM', 112, '', '2024-07-06 18:00:00'::timestamp, '2024-07-06 18:00:00'::timestamp),
(113,113, 'CARE', 113, '', '2024-07-06 19:00:00'::timestamp, '2024-07-06 19:00:00'::timestamp),
(114,114, 'ONE', 114, '', '2024-07-06 20:00:00'::timestamp, '2024-07-06 20:00:00'::timestamp),
(115,115, 'AOM', 115, '', '2024-07-06 21:00:00'::timestamp, '2024-07-06 21:00:00'::timestamp),
(116,116, 'CARE', 116, '', '2024-07-06 22:00:00'::timestamp, '2024-07-06 22:00:00'::timestamp),
(117,117, 'ONE', 117, '', '2024-07-06 23:00:00'::timestamp, '2024-07-06 23:00:00'::timestamp),
(118,118, 'AOM', 118, '', '2024-07-07 09:00:00'::timestamp, '2024-07-07 09:00:00'::timestamp),
(119,119, 'CARE', 119, '', '2024-07-07 10:00:00'::timestamp, '2024-07-07 10:00:00'::timestamp),
(120,120, 'ONE', 120, '', '2024-07-07 11:00:00'::timestamp, '2024-07-07 11:00:00'::timestamp);